timestamp,machineId,stationId,tempC,vibration,cycleTime,batchId,qcResult,reworkCode
2026-05-01T00:00:00,M01,S1,84.8,0.42,1736,B001,PASS,
2026-05-01T00:30:00,M01,S1,66.9,0.62,1029,B001,PASS,
2026-05-01T01:00:00,M01,S1,80.5,0.85,1544,B001,PASS,
2026-05-01T01:30:00,M01,S1,88.5,0.21,1805,B001,FAIL,UNKNOWN
2026-05-01T02:00:00,M01,S1,76.4,0.96,1102,B001,PASS,
2026-05-01T02:30:00,M01,S1,75.7,0.46,1043,B001,PASS,
2026-05-01T03:00:00,M01,S1,68.5,0.49,1628,B001,PASS,
2026-05-01T03:30:00,M01,S1,69.4,0.27,1661,B001,PASS,
2026-05-01T04:00:00,M01,S1,91.0,0.65,1834,B001,FAIL,TOOLING
2026-05-01T04:30:00,M01,S1,73.7,0.41,1266,B001,PASS,
2026-05-01T05:00:00,M01,S1,82.5,0.93,1163,B001,PASS,
2026-05-01T05:30:00,M01,S1,82.4,0.76,1684,B001,PASS,
2026-05-01T06:00:00,M01,S1,72.6,0.47,1210,B001,PASS,
2026-05-01T06:30:00,M01,S1,90.6,0.51,1655,B001,FAIL,MATERIAL
2026-05-01T07:00:00,M01,S1,89.8,0.34,1744,B001,FAIL,SENSOR
2026-05-01T07:30:00,M01,S1,71.0,0.78,1897,B001,PASS,
2026-05-01T08:00:00,M01,S1,93.1,0.25,1109,B001,PASS,
2026-05-01T08:30:00,M01,S1,76.6,0.26,1381,B001,PASS,
2026-05-01T09:00:00,M01,S1,83.8,0.21,1720,B001,PASS,
2026-05-01T09:30:00,M01,S1,71.3,0.84,1111,B001,PASS,
2026-05-01T10:00:00,M01,S1,93.7,0.7,1178,B001,PASS,
2026-05-01T10:30:00,M01,S1,71.9,0.84,1608,B001,FAIL,TOOLING
2026-05-01T11:00:00,M01,S1,80.6,0.2,1324,B001,FAIL,CALIBRATION
2026-05-01T11:30:00,M01,S1,87.9,1.03,1307,B001,FAIL,ALIGNMENT
2026-05-01T12:00:00,M01,S1,70.5,0.93,1816,B001,PASS,
2026-05-01T12:30:00,M01,S1,67.4,0.86,1946,B001,FAIL,SENSOR
2026-05-01T13:00:00,M01,S1,89.0,0.74,1729,B001,FAIL,TOOLING
2026-05-01T13:30:00,M01,S1,86.0,0.6,1671,B001,FAIL,CALIBRATION
2026-05-01T14:00:00,M01,S1,76.1,0.42,1338,B001,PASS,
2026-05-01T14:30:00,M01,S1,70.8,0.42,1070,B001,PASS,
2026-05-01T15:00:00,M01,S1,74.2,0.27,1238,B001,PASS,
2026-05-01T15:30:00,M01,S1,68.2,0.33,1935,B001,PASS,
2026-05-01T16:00:00,M01,S1,88.0,0.3,1431,B001,PASS,
2026-05-01T16:30:00,M01,S1,84.7,0.87,1984,B001,FAIL,MATERIAL
2026-05-01T17:00:00,M01,S1,86.1,0.39,1536,B001,FAIL,TOOLING
2026-05-01T17:30:00,M01,S1,75.7,0.48,1249,B001,PASS,
2026-05-01T18:00:00,M01,S1,78.9,0.25,1999,B001,PASS,
2026-05-01T18:30:00,M01,S1,89.9,1.05,1166,B001,FAIL,MATERIAL
2026-05-01T19:00:00,M01,S1,81.3,0.36,1002,B001,PASS,
2026-05-01T19:30:00,M01,S1,84.3,0.49,1696,B001,PASS,
2026-05-01T20:00:00,M01,S1,82.6,0.42,1058,B001,PASS,
2026-05-01T20:30:00,M01,S1,73.5,0.25,1476,B001,PASS,
2026-05-01T21:00:00,M01,S1,61.8,0.27,1067,B001,PASS,
2026-05-01T21:30:00,M01,S1,75.9,1.14,1569,B001,FAIL,SENSOR
2026-05-01T22:00:00,M01,S1,80.3,0.78,1522,B001,PASS,
2026-05-01T22:30:00,M01,S1,84.1,0.44,1395,B001,PASS,
2026-05-01T23:00:00,M01,S1,73.5,0.66,1998,B001,PASS,
2026-05-01T23:30:00,M01,S1,69.6,0.47,1933,B001,PASS,
2026-05-01T00:00:00,M02,S2,71.1,0.36,1833,B001,PASS,
2026-05-01T00:30:00,M02,S2,78.4,1.19,1653,B001,FAIL,ALIGNMENT
2026-05-01T01:00:00,M02,S2,80.0,0.75,1931,B001,FAIL,TOOLING
2026-05-01T01:30:00,M02,S2,67.9,1.09,1742,B001,FAIL,TOOLING
2026-05-01T02:00:00,M02,S2,68.2,0.8,1717,B001,PASS,
2026-05-01T02:30:00,M02,S2,79.0,0.46,1488,B001,PASS,
2026-05-01T03:00:00,M02,S2,85.4,0.29,1423,B001,PASS,
2026-05-01T03:30:00,M02,S2,60.1,0.97,1637,B001,PASS,
2026-05-01T04:00:00,M02,S2,82.2,0.75,1427,B001,FAIL,ALIGNMENT
2026-05-01T04:30:00,M02,S2,88.4,0.89,1149,B001,FAIL,CALIBRATION
2026-05-01T05:00:00,M02,S2,77.5,0.35,1127,B001,PASS,
2026-05-01T05:30:00,M02,S2,69.2,1.1,1796,B001,FAIL,ALIGNMENT
2026-05-01T06:00:00,M02,S2,87.0,0.41,1249,B001,FAIL,SENSOR
2026-05-01T06:30:00,M02,S2,86.5,0.61,1620,B001,FAIL,TOOLING
2026-05-01T07:00:00,M02,S2,87.8,0.44,1162,B001,PASS,
2026-05-01T07:30:00,M02,S2,65.3,0.61,1179,B001,PASS,
2026-05-01T08:00:00,M02,S2,87.7,0.98,1411,B001,PASS,
2026-05-01T08:30:00,M02,S2,82.1,0.45,1159,B001,PASS,
2026-05-01T09:00:00,M02,S2,71.5,0.24,1470,B001,FAIL,MATERIAL
2026-05-01T09:30:00,M02,S2,70.5,1.02,1871,B001,FAIL,TOOLING
2026-05-01T10:00:00,M02,S2,60.7,0.39,1328,B001,PASS,
2026-05-01T10:30:00,M02,S2,85.9,1.17,1279,B001,FAIL,UNKNOWN
2026-05-01T11:00:00,M02,S2,75.3,0.88,1843,B001,PASS,
2026-05-01T11:30:00,M02,S2,60.8,1.08,1261,B001,PASS,
2026-05-01T12:00:00,M02,S2,89.5,0.24,1596,B001,FAIL,CALIBRATION
2026-05-01T12:30:00,M02,S2,81.9,0.51,1606,B001,PASS,
2026-05-01T13:00:00,M02,S2,71.6,0.78,1254,B001,PASS,
2026-05-01T13:30:00,M02,S2,81.3,0.2,1925,B001,PASS,
2026-05-01T14:00:00,M02,S2,81.6,0.94,1670,B001,PASS,
2026-05-01T14:30:00,M02,S2,62.1,0.86,1330,B001,PASS,
2026-05-01T15:00:00,M02,S2,85.4,0.92,1300,B001,PASS,
2026-05-01T15:30:00,M02,S2,72.3,0.6,1295,B001,PASS,
2026-05-01T16:00:00,M02,S2,63.8,0.62,1940,B001,PASS,
2026-05-01T16:30:00,M02,S2,87.1,0.82,1300,B001,PASS,
2026-05-01T17:00:00,M02,S2,60.0,0.49,1429,B001,PASS,
2026-05-01T17:30:00,M02,S2,79.6,0.66,1442,B001,PASS,
2026-05-01T18:00:00,M02,S2,74.2,1.1,1796,B001,FAIL,TOOLING
2026-05-01T18:30:00,M02,S2,79.8,0.48,1663,B001,PASS,
2026-05-01T19:00:00,M02,S2,62.8,1.15,1234,B001,PASS,
2026-05-01T19:30:00,M02,S2,84.2,0.35,1046,B001,PASS,
2026-05-01T20:00:00,M02,S2,78.3,0.97,1455,B001,PASS,
2026-05-01T20:30:00,M02,S2,77.3,0.92,1383,B001,PASS,
2026-05-01T21:00:00,M02,S2,64.4,0.89,1892,B001,PASS,
2026-05-01T21:30:00,M02,S2,86.6,0.98,1218,B001,PASS,
2026-05-01T22:00:00,M02,S2,80.9,0.66,1557,B001,PASS,
2026-05-01T22:30:00,M02,S2,63.6,0.33,1464,B001,PASS,
2026-05-01T23:00:00,M02,S2,76.8,0.52,1755,B001,PASS,
2026-05-01T23:30:00,M02,S2,84.5,1.09,1426,B001,PASS,
2026-05-01T00:00:00,M03,S3,73.4,0.36,1861,B001,PASS,
2026-05-01T00:30:00,M03,S3,82.6,1.04,1277,B001,PASS,
2026-05-01T01:00:00,M03,S3,74.5,0.44,1439,B001,PASS,
2026-05-01T01:30:00,M03,S3,67.0,0.54,1893,B001,FAIL,TOOLING
2026-05-01T02:00:00,M03,S3,66.9,0.89,1706,B001,FAIL,MATERIAL
2026-05-01T02:30:00,M03,S3,69.9,0.67,1062,B001,PASS,
2026-05-01T03:00:00,M03,S3,85.0,0.59,1769,B001,PASS,
2026-05-01T03:30:00,M03,S3,60.6,1.08,1575,B001,FAIL,MATERIAL
2026-05-01T04:00:00,M03,S3,60.2,0.55,1753,B001,PASS,
2026-05-01T04:30:00,M03,S3,88.6,0.62,1747,B001,FAIL,SENSOR
2026-05-01T05:00:00,M03,S3,84.0,1.1,1488,B001,PASS,
2026-05-01T05:30:00,M03,S3,74.6,0.59,1668,B001,PASS,
2026-05-01T06:00:00,M03,S3,81.7,1.04,1919,B001,FAIL,SENSOR
2026-05-01T06:30:00,M03,S3,76.0,1.11,1591,B001,FAIL,UNKNOWN
2026-05-01T07:00:00,M03,S3,60.8,0.84,1135,B001,PASS,
2026-05-01T07:30:00,M03,S3,61.5,0.58,1211,B001,PASS,
2026-05-01T08:00:00,M03,S3,69.8,0.96,1379,B001,PASS,
2026-05-01T08:30:00,M03,S3,85.0,0.45,1081,B001,FAIL,SENSOR
2026-05-01T09:00:00,M03,S3,61.6,1.15,1224,B001,FAIL,UNKNOWN
2026-05-01T09:30:00,M03,S3,61.2,0.23,1247,B001,PASS,
2026-05-01T10:00:00,M03,S3,85.2,0.82,1238,B001,PASS,
2026-05-01T10:30:00,M03,S3,63.4,1.15,1465,B001,PASS,
2026-05-01T11:00:00,M03,S3,71.1,0.81,1963,B001,PASS,
2026-05-01T11:30:00,M03,S3,83.3,0.36,1311,B001,PASS,
2026-05-01T12:00:00,M03,S3,87.9,0.78,1908,B001,FAIL,MATERIAL
2026-05-01T12:30:00,M03,S3,71.9,0.92,1075,B001,PASS,
2026-05-01T13:00:00,M03,S3,78.8,0.3,1772,B001,PASS,
2026-05-01T13:30:00,M03,S3,78.0,0.32,1983,B001,PASS,
2026-05-01T14:00:00,M03,S3,70.4,0.63,1370,B001,PASS,
2026-05-01T14:30:00,M03,S3,75.2,0.54,1849,B001,PASS,
2026-05-01T15:00:00,M03,S3,63.2,1.16,1635,B001,FAIL,MATERIAL
2026-05-01T15:30:00,M03,S3,81.2,0.64,1733,B001,PASS,
2026-05-01T16:00:00,M03,S3,68.1,1.01,1538,B001,FAIL,MATERIAL
2026-05-01T16:30:00,M03,S3,73.9,1.03,1592,B001,FAIL,CALIBRATION
2026-05-01T17:00:00,M03,S3,85.6,1.03,1086,B001,FAIL,MATERIAL
2026-05-01T17:30:00,M03,S3,67.3,0.66,1610,B001,PASS,
2026-05-01T18:00:00,M03,S3,60.9,1.05,1181,B001,PASS,
2026-05-01T18:30:00,M03,S3,83.9,0.54,1880,B001,PASS,
2026-05-01T19:00:00,M03,S3,68.3,0.21,1948,B001,FAIL,UNKNOWN
2026-05-01T19:30:00,M03,S3,72.2,0.76,1240,B001,PASS,
2026-05-01T20:00:00,M03,S3,74.3,0.91,1448,B001,FAIL,CALIBRATION
2026-05-01T20:30:00,M03,S3,66.6,0.89,1306,B001,PASS,
2026-05-01T21:00:00,M03,S3,74.2,0.73,1425,B001,PASS,
2026-05-01T21:30:00,M03,S3,69.9,0.9,1270,B001,PASS,
2026-05-01T22:00:00,M03,S3,63.6,0.39,1119,B001,PASS,
2026-05-01T22:30:00,M03,S3,76.1,0.96,1185,B001,PASS,
2026-05-01T23:00:00,M03,S3,74.5,0.92,1976,B001,PASS,
2026-05-01T23:30:00,M03,S3,68.5,0.3,1194,B001,PASS,
2026-05-01T00:00:00,M04,S4,66.8,0.38,1014,B001,PASS,
2026-05-01T00:30:00,M04,S4,76.0,0.47,1974,B001,PASS,
2026-05-01T01:00:00,M04,S4,80.9,0.33,1868,B001,PASS,
2026-05-01T01:30:00,M04,S4,86.2,0.77,1469,B001,PASS,
2026-05-01T02:00:00,M04,S4,65.5,0.25,1941,B001,PASS,
2026-05-01T02:30:00,M04,S4,84.7,0.6,1074,B001,PASS,
2026-05-01T03:00:00,M04,S4,61.6,0.35,1562,B001,PASS,
2026-05-01T03:30:00,M04,S4,89.8,0.32,1764,B001,FAIL,SENSOR
2026-05-01T04:00:00,M04,S4,77.9,0.82,1775,B001,PASS,
2026-05-01T04:30:00,M04,S4,87.3,0.5,1588,B001,FAIL,MATERIAL
2026-05-01T05:00:00,M04,S4,69.2,0.82,1609,B001,PASS,
2026-05-01T05:30:00,M04,S4,88.4,0.41,1211,B001,PASS,
2026-05-01T06:00:00,M04,S4,64.7,0.37,1075,B001,PASS,
2026-05-01T06:30:00,M04,S4,60.1,0.65,1593,B001,PASS,
2026-05-01T07:00:00,M04,S4,66.9,0.91,1702,B001,PASS,
2026-05-01T07:30:00,M04,S4,80.6,1.12,1787,B001,FAIL,UNKNOWN
2026-05-01T08:00:00,M04,S4,77.7,1.0,1197,B001,FAIL,TOOLING
2026-05-01T08:30:00,M04,S4,79.4,1.11,1826,B001,FAIL,ALIGNMENT
2026-05-01T09:00:00,M04,S4,61.8,0.99,1595,B001,PASS,
2026-05-01T09:30:00,M04,S4,87.6,0.64,1468,B001,PASS,
2026-05-01T10:00:00,M04,S4,72.1,0.47,1539,B001,PASS,
2026-05-01T10:30:00,M04,S4,77.9,1.09,1734,B001,FAIL,SENSOR
2026-05-01T11:00:00,M04,S4,67.5,0.29,1961,B001,PASS,
2026-05-01T11:30:00,M04,S4,77.3,1.15,1999,B001,FAIL,UNKNOWN
2026-05-01T12:00:00,M04,S4,84.6,0.78,1763,B001,FAIL,SENSOR
2026-05-01T12:30:00,M04,S4,79.5,1.12,1181,B001,PASS,
2026-05-01T13:00:00,M04,S4,79.0,0.69,1091,B001,PASS,
2026-05-01T13:30:00,M04,S4,70.4,0.53,1670,B001,PASS,
2026-05-01T14:00:00,M04,S4,69.9,0.89,1288,B001,PASS,
2026-05-01T14:30:00,M04,S4,84.4,0.75,1454,B001,PASS,
2026-05-01T15:00:00,M04,S4,69.7,1.17,1404,B001,PASS,
2026-05-01T15:30:00,M04,S4,89.6,0.86,1542,B001,FAIL,MATERIAL
2026-05-01T16:00:00,M04,S4,61.6,0.72,1622,B001,PASS,
2026-05-01T16:30:00,M04,S4,73.3,0.25,1267,B001,PASS,
2026-05-01T17:00:00,M04,S4,63.9,0.49,1880,B001,PASS,
2026-05-01T17:30:00,M04,S4,60.9,0.83,1799,B001,PASS,
2026-05-01T18:00:00,M04,S4,69.3,0.21,1407,B001,PASS,
2026-05-01T18:30:00,M04,S4,85.2,0.31,1947,B001,FAIL,UNKNOWN
2026-05-01T19:00:00,M04,S4,85.0,0.7,1716,B001,PASS,
2026-05-01T19:30:00,M04,S4,68.2,1.03,1980,B001,FAIL,TOOLING
2026-05-01T20:00:00,M04,S4,73.7,0.34,1190,B001,PASS,
2026-05-01T20:30:00,M04,S4,78.0,0.95,1136,B001,FAIL,MATERIAL
2026-05-01T21:00:00,M04,S4,70.2,0.99,1267,B001,FAIL,UNKNOWN
2026-05-01T21:30:00,M04,S4,69.0,0.79,1998,B001,PASS,
2026-05-01T22:00:00,M04,S4,64.5,0.74,1345,B001,PASS,
2026-05-01T22:30:00,M04,S4,76.6,0.74,1455,B001,PASS,
2026-05-01T23:00:00,M04,S4,65.7,0.9,1571,B001,PASS,
2026-05-01T23:30:00,M04,S4,83.3,0.24,1744,B001,PASS,
2026-05-01T00:00:00,M05,S5,84.3,0.59,1663,B001,PASS,
2026-05-01T00:30:00,M05,S5,89.4,0.7,1037,B001,PASS,
2026-05-01T01:00:00,M05,S5,77.7,1.07,1874,B001,FAIL,MATERIAL
2026-05-01T01:30:00,M05,S5,63.0,1.11,1015,B001,FAIL,UNKNOWN
2026-05-01T02:00:00,M05,S5,89.1,0.27,1781,B001,FAIL,CALIBRATION
2026-05-01T02:30:00,M05,S5,70.2,0.89,1649,B001,PASS,
2026-05-01T03:00:00,M05,S5,85.6,1.06,1380,B001,FAIL,CALIBRATION
2026-05-01T03:30:00,M05,S5,78.8,1.09,1487,B001,PASS,
2026-05-01T04:00:00,M05,S5,78.5,0.43,1684,B001,PASS,
2026-05-01T04:30:00,M05,S5,66.8,0.29,1978,B001,PASS,
2026-05-01T05:00:00,M05,S5,81.1,0.3,1166,B001,PASS,
2026-05-01T05:30:00,M05,S5,60.9,0.52,1056,B001,PASS,
2026-05-01T06:00:00,M05,S5,70.8,0.63,1244,B001,PASS,
2026-05-01T06:30:00,M05,S5,72.4,0.88,1180,B001,FAIL,SENSOR
2026-05-01T07:00:00,M05,S5,86.1,0.82,1240,B001,PASS,
2026-05-01T07:30:00,M05,S5,64.3,0.66,1253,B001,PASS,
2026-05-01T08:00:00,M05,S5,67.7,0.21,1804,B001,PASS,
2026-05-01T08:30:00,M05,S5,80.3,0.36,1441,B001,PASS,
2026-05-01T09:00:00,M05,S5,77.6,0.84,1424,B001,PASS,
2026-05-01T09:30:00,M05,S5,85.4,0.4,1384,B001,PASS,
2026-05-01T10:00:00,M05,S5,67.1,0.77,1574,B001,PASS,
2026-05-01T10:30:00,M05,S5,68.9,1.18,1658,B001,FAIL,CALIBRATION
2026-05-01T11:00:00,M05,S5,60.2,1.07,1778,B001,FAIL,ALIGNMENT
2026-05-01T11:30:00,M05,S5,87.3,0.95,1832,B001,FAIL,CALIBRATION
2026-05-01T12:00:00,M05,S5,83.3,0.43,1801,B001,PASS,
2026-05-01T12:30:00,M05,S5,65.7,0.45,1755,B001,PASS,
2026-05-01T13:00:00,M05,S5,80.4,0.34,1097,B001,PASS,
2026-05-01T13:30:00,M05,S5,61.2,0.99,1033,B001,PASS,
2026-05-01T14:00:00,M05,S5,63.9,1.11,1326,B001,PASS,
2026-05-01T14:30:00,M05,S5,66.0,0.99,1876,B001,PASS,
2026-05-01T15:00:00,M05,S5,75.1,0.47,1164,B001,PASS,
2026-05-01T15:30:00,M05,S5,87.4,1.14,1967,B001,FAIL,CALIBRATION
2026-05-01T16:00:00,M05,S5,82.4,0.54,1115,B001,PASS,
2026-05-01T16:30:00,M05,S5,64.2,1.17,1860,B001,FAIL,UNKNOWN
2026-05-01T17:00:00,M05,S5,80.2,0.6,1845,B001,PASS,
2026-05-01T17:30:00,M05,S5,62.7,0.59,1264,B001,PASS,
2026-05-01T18:00:00,M05,S5,63.7,0.57,1749,B001,PASS,
2026-05-01T18:30:00,M05,S5,71.4,0.84,1371,B001,PASS,
2026-05-01T19:00:00,M05,S5,74.1,0.82,1943,B001,PASS,
2026-05-01T19:30:00,M05,S5,78.3,0.85,1635,B001,PASS,
2026-05-01T20:00:00,M05,S5,81.0,0.85,1116,B001,FAIL,ALIGNMENT
2026-05-01T20:30:00,M05,S5,69.1,0.69,1097,B001,PASS,
2026-05-01T21:00:00,M05,S5,86.6,0.34,1453,B001,PASS,
2026-05-01T21:30:00,M05,S5,82.3,1.15,1419,B001,PASS,
2026-05-01T22:00:00,M05,S5,64.6,0.61,1099,B001,PASS,
2026-05-01T22:30:00,M05,S5,74.7,0.61,1951,B001,FAIL,CALIBRATION
2026-05-01T23:00:00,M05,S5,66.5,0.64,1236,B001,PASS,
2026-05-01T23:30:00,M05,S5,70.9,1.18,1367,B001,PASS,
2026-05-02T00:00:00,M01,S1,84.8,1.17,1949,B002,FAIL,MATERIAL
2026-05-02T00:30:00,M01,S1,67.3,0.41,1639,B002,PASS,
2026-05-02T01:00:00,M01,S1,77.5,0.41,1829,B002,PASS,
2026-05-02T01:30:00,M01,S1,88.1,0.43,1774,B002,FAIL,SENSOR
2026-05-02T02:00:00,M01,S1,64.8,0.33,1250,B002,PASS,
2026-05-02T02:30:00,M01,S1,83.0,0.23,1014,B002,PASS,
2026-05-02T03:00:00,M01,S1,74.0,0.94,1526,B002,PASS,
2026-05-02T03:30:00,M01,S1,87.9,0.71,1109,B002,PASS,
2026-05-02T04:00:00,M01,S1,66.1,0.72,1458,B002,PASS,
2026-05-02T04:30:00,M01,S1,74.4,0.6,1686,B002,PASS,
2026-05-02T05:00:00,M01,S1,68.6,0.27,1275,B002,PASS,
2026-05-02T05:30:00,M01,S1,81.8,0.53,1994,B002,PASS,
2026-05-02T06:00:00,M01,S1,84.7,1.05,1650,B002,FAIL,SENSOR
2026-05-02T06:30:00,M01,S1,87.4,0.42,1451,B002,PASS,
2026-05-02T07:00:00,M01,S1,76.8,0.63,1665,B002,PASS,
2026-05-02T07:30:00,M01,S1,92.1,0.27,1831,B002,FAIL,ALIGNMENT
2026-05-02T08:00:00,M01,S1,76.9,0.33,1059,B002,PASS,
2026-05-02T08:30:00,M01,S1,78.9,0.87,1410,B002,PASS,
2026-05-02T09:00:00,M01,S1,77.2,0.49,1312,B002,PASS,
2026-05-02T09:30:00,M01,S1,78.9,0.35,1482,B002,PASS,
2026-05-02T10:00:00,M01,S1,81.9,0.43,1429,B002,PASS,
2026-05-02T10:30:00,M01,S1,83.7,0.87,1556,B002,PASS,
2026-05-02T11:00:00,M01,S1,86.4,0.96,1921,B002,FAIL,CALIBRATION
2026-05-02T11:30:00,M01,S1,64.5,1.07,1566,B002,FAIL,MATERIAL
2026-05-02T12:00:00,M01,S1,65.8,0.29,1530,B002,PASS,
2026-05-02T12:30:00,M01,S1,63.4,0.51,1324,B002,PASS,
2026-05-02T13:00:00,M01,S1,82.8,0.95,1049,B002,FAIL,MATERIAL
2026-05-02T13:30:00,M01,S1,83.1,0.69,1442,B002,PASS,
2026-05-02T14:00:00,M01,S1,65.9,0.88,1486,B002,FAIL,MATERIAL
2026-05-02T14:30:00,M01,S1,94.2,0.25,1204,B002,PASS,
2026-05-02T15:00:00,M01,S1,86.7,0.7,1430,B002,FAIL,SENSOR
2026-05-02T15:30:00,M01,S1,86.1,0.7,1833,B002,FAIL,CALIBRATION
2026-05-02T16:00:00,M01,S1,66.5,0.22,1921,B002,PASS,
2026-05-02T16:30:00,M01,S1,80.8,0.91,1417,B002,FAIL,ALIGNMENT
2026-05-02T17:00:00,M01,S1,95.3,0.66,1689,B002,FAIL,CALIBRATION
2026-05-02T17:30:00,M01,S1,70.9,1.04,1243,B002,PASS,
2026-05-02T18:00:00,M01,S1,75.2,0.53,1168,B002,PASS,
2026-05-02T18:30:00,M01,S1,69.1,0.71,1905,B002,PASS,
2026-05-02T19:00:00,M01,S1,89.2,0.35,1197,B002,PASS,
2026-05-02T19:30:00,M01,S1,82.3,0.38,1772,B002,PASS,
2026-05-02T20:00:00,M01,S1,82.5,0.76,1635,B002,PASS,
2026-05-02T20:30:00,M01,S1,84.2,0.35,1068,B002,PASS,
2026-05-02T21:00:00,M01,S1,74.5,0.51,1451,B002,FAIL,CALIBRATION
2026-05-02T21:30:00,M01,S1,67.1,1.06,1855,B002,FAIL,SENSOR
2026-05-02T22:00:00,M01,S1,79.9,1.15,1738,B002,FAIL,ALIGNMENT
2026-05-02T22:30:00,M01,S1,79.2,1.01,1651,B002,FAIL,CALIBRATION
2026-05-02T23:00:00,M01,S1,77.1,0.65,1810,B002,PASS,
2026-05-02T23:30:00,M01,S1,66.5,0.85,1039,B002,PASS,
2026-05-02T00:00:00,M02,S2,75.7,0.81,1363,B002,PASS,
2026-05-02T00:30:00,M02,S2,71.6,0.97,1678,B002,FAIL,UNKNOWN
2026-05-02T01:00:00,M02,S2,79.4,0.27,1094,B002,PASS,
2026-05-02T01:30:00,M02,S2,80.4,0.48,1723,B002,PASS,
2026-05-02T02:00:00,M02,S2,87.2,1.07,1333,B002,FAIL,SENSOR
2026-05-02T02:30:00,M02,S2,79.9,1.12,1310,B002,PASS,
2026-05-02T03:00:00,M02,S2,79.9,0.33,1708,B002,FAIL,SENSOR
2026-05-02T03:30:00,M02,S2,71.3,0.99,1813,B002,PASS,
2026-05-02T04:00:00,M02,S2,84.9,0.94,1685,B002,PASS,
2026-05-02T04:30:00,M02,S2,79.4,0.62,1361,B002,PASS,
2026-05-02T05:00:00,M02,S2,70.9,0.38,1214,B002,PASS,
2026-05-02T05:30:00,M02,S2,88.4,0.69,1226,B002,FAIL,ALIGNMENT
2026-05-02T06:00:00,M02,S2,68.9,0.99,1507,B002,PASS,
2026-05-02T06:30:00,M02,S2,82.2,0.73,1661,B002,PASS,
2026-05-02T07:00:00,M02,S2,78.5,0.8,1154,B002,PASS,
2026-05-02T07:30:00,M02,S2,65.4,0.89,1624,B002,PASS,
2026-05-02T08:00:00,M02,S2,81.6,0.24,1364,B002,PASS,
2026-05-02T08:30:00,M02,S2,89.1,0.81,1752,B002,FAIL,MATERIAL
2026-05-02T09:00:00,M02,S2,67.0,0.44,1965,B002,PASS,
2026-05-02T09:30:00,M02,S2,87.1,0.39,1678,B002,FAIL,SENSOR
2026-05-02T10:00:00,M02,S2,89.5,0.66,1281,B002,PASS,
2026-05-02T10:30:00,M02,S2,75.8,1.17,1816,B002,FAIL,SENSOR
2026-05-02T11:00:00,M02,S2,64.2,0.45,1641,B002,PASS,
2026-05-02T11:30:00,M02,S2,76.6,0.3,1845,B002,PASS,
2026-05-02T12:00:00,M02,S2,68.6,0.96,1272,B002,PASS,
2026-05-02T12:30:00,M02,S2,64.4,0.64,1946,B002,PASS,
2026-05-02T13:00:00,M02,S2,73.5,0.55,1026,B002,PASS,
2026-05-02T13:30:00,M02,S2,61.6,0.7,1235,B002,PASS,
2026-05-02T14:00:00,M02,S2,89.8,0.57,1028,B002,PASS,
2026-05-02T14:30:00,M02,S2,85.2,0.85,1791,B002,FAIL,TOOLING
2026-05-02T15:00:00,M02,S2,61.1,1.12,1472,B002,PASS,
2026-05-02T15:30:00,M02,S2,82.8,0.67,1615,B002,PASS,
2026-05-02T16:00:00,M02,S2,60.6,0.42,1149,B002,PASS,
2026-05-02T16:30:00,M02,S2,88.2,0.81,1423,B002,PASS,
2026-05-02T17:00:00,M02,S2,67.1,0.32,1238,B002,PASS,
2026-05-02T17:30:00,M02,S2,79.2,0.82,1062,B002,PASS,
2026-05-02T18:00:00,M02,S2,75.0,0.74,1631,B002,PASS,
2026-05-02T18:30:00,M02,S2,81.6,0.49,1001,B002,PASS,
2026-05-02T19:00:00,M02,S2,77.1,0.39,1668,B002,PASS,
2026-05-02T19:30:00,M02,S2,70.8,1.15,1544,B002,FAIL,SENSOR
2026-05-02T20:00:00,M02,S2,76.6,0.59,1470,B002,PASS,
2026-05-02T20:30:00,M02,S2,89.4,0.45,1016,B002,PASS,
2026-05-02T21:00:00,M02,S2,70.3,0.93,1628,B002,PASS,
2026-05-02T21:30:00,M02,S2,82.1,0.53,1044,B002,PASS,
2026-05-02T22:00:00,M02,S2,84.4,0.38,1779,B002,PASS,
2026-05-02T22:30:00,M02,S2,80.9,0.83,1811,B002,FAIL,MATERIAL
2026-05-02T23:00:00,M02,S2,61.1,0.4,1791,B002,PASS,
2026-05-02T23:30:00,M02,S2,69.5,0.51,1398,B002,PASS,
2026-05-02T00:00:00,M03,S3,84.5,0.67,1036,B002,PASS,
2026-05-02T00:30:00,M03,S3,68.6,1.06,1047,B002,PASS,
2026-05-02T01:00:00,M03,S3,68.2,1.0,1436,B002,PASS,
2026-05-02T01:30:00,M03,S3,73.2,1.16,1339,B002,FAIL,UNKNOWN
2026-05-02T02:00:00,M03,S3,74.9,1.12,1519,B002,FAIL,ALIGNMENT
2026-05-02T02:30:00,M03,S3,81.8,0.28,1602,B002,PASS,
2026-05-02T03:00:00,M03,S3,76.4,0.52,1080,B002,PASS,
2026-05-02T03:30:00,M03,S3,79.8,0.51,1602,B002,PASS,
2026-05-02T04:00:00,M03,S3,80.7,0.55,1042,B002,PASS,
2026-05-02T04:30:00,M03,S3,70.6,1.2,1274,B002,PASS,
2026-05-02T05:00:00,M03,S3,88.4,0.28,1637,B002,FAIL,CALIBRATION
2026-05-02T05:30:00,M03,S3,75.4,0.95,1159,B002,FAIL,SENSOR
2026-05-02T06:00:00,M03,S3,80.3,0.64,1126,B002,PASS,
2026-05-02T06:30:00,M03,S3,79.4,0.56,1949,B002,FAIL,TOOLING
2026-05-02T07:00:00,M03,S3,80.4,1.15,1372,B002,PASS,
2026-05-02T07:30:00,M03,S3,77.2,0.73,1398,B002,PASS,
2026-05-02T08:00:00,M03,S3,79.5,0.45,1113,B002,PASS,
2026-05-02T08:30:00,M03,S3,82.1,0.7,1386,B002,PASS,
2026-05-02T09:00:00,M03,S3,67.9,0.46,1446,B002,PASS,
2026-05-02T09:30:00,M03,S3,68.6,1.12,1491,B002,FAIL,ALIGNMENT
2026-05-02T10:00:00,M03,S3,73.6,1.1,1445,B002,FAIL,UNKNOWN
2026-05-02T10:30:00,M03,S3,89.0,1.19,1667,B002,FAIL,UNKNOWN
2026-05-02T11:00:00,M03,S3,61.9,0.74,1891,B002,PASS,
2026-05-02T11:30:00,M03,S3,81.4,1.13,1637,B002,FAIL,CALIBRATION
2026-05-02T12:00:00,M03,S3,75.3,0.32,1200,B002,PASS,
2026-05-02T12:30:00,M03,S3,64.2,0.99,1026,B002,PASS,
2026-05-02T13:00:00,M03,S3,71.1,1.0,1551,B002,FAIL,SENSOR
2026-05-02T13:30:00,M03,S3,86.5,0.27,1398,B002,PASS,
2026-05-02T14:00:00,M03,S3,74.4,0.61,1409,B002,PASS,
2026-05-02T14:30:00,M03,S3,63.8,0.52,1074,B002,PASS,
2026-05-02T15:00:00,M03,S3,74.0,0.72,1128,B002,PASS,
2026-05-02T15:30:00,M03,S3,84.9,0.75,1587,B002,PASS,
2026-05-02T16:00:00,M03,S3,63.9,0.7,1868,B002,PASS,
2026-05-02T16:30:00,M03,S3,75.5,0.5,1161,B002,PASS,
2026-05-02T17:00:00,M03,S3,88.0,0.43,1947,B002,FAIL,SENSOR
2026-05-02T17:30:00,M03,S3,86.8,1.05,1250,B002,FAIL,UNKNOWN
2026-05-02T18:00:00,M03,S3,88.7,0.47,1625,B002,FAIL,SENSOR
2026-05-02T18:30:00,M03,S3,76.0,0.7,1168,B002,PASS,
2026-05-02T19:00:00,M03,S3,88.2,0.35,1658,B002,FAIL,UNKNOWN
2026-05-02T19:30:00,M03,S3,87.1,0.54,1923,B002,FAIL,ALIGNMENT
2026-05-02T20:00:00,M03,S3,84.8,0.23,1045,B002,PASS,
2026-05-02T20:30:00,M03,S3,77.3,0.85,1766,B002,PASS,
2026-05-02T21:00:00,M03,S3,79.2,0.7,1627,B002,PASS,
2026-05-02T21:30:00,M03,S3,88.7,0.68,1804,B002,FAIL,UNKNOWN
2026-05-02T22:00:00,M03,S3,72.2,0.65,1688,B002,FAIL,MATERIAL
2026-05-02T22:30:00,M03,S3,74.5,0.4,1606,B002,PASS,
2026-05-02T23:00:00,M03,S3,81.6,0.93,1860,B002,PASS,
2026-05-02T23:30:00,M03,S3,63.9,0.57,1561,B002,PASS,
2026-05-02T00:00:00,M04,S4,74.0,0.47,1247,B002,PASS,
2026-05-02T00:30:00,M04,S4,62.9,0.49,1384,B002,PASS,
2026-05-02T01:00:00,M04,S4,78.5,0.45,1865,B002,FAIL,CALIBRATION
2026-05-02T01:30:00,M04,S4,88.0,0.92,1189,B002,FAIL,SENSOR
2026-05-02T02:00:00,M04,S4,74.0,1.08,1497,B002,FAIL,MATERIAL
2026-05-02T02:30:00,M04,S4,75.2,1.17,1215,B002,PASS,
2026-05-02T03:00:00,M04,S4,61.5,0.69,1882,B002,PASS,
2026-05-02T03:30:00,M04,S4,74.1,0.74,1847,B002,PASS,
2026-05-02T04:00:00,M04,S4,86.5,0.93,1763,B002,FAIL,CALIBRATION
2026-05-02T04:30:00,M04,S4,61.4,0.25,1561,B002,PASS,
2026-05-02T05:00:00,M04,S4,68.7,0.59,1450,B002,PASS,
2026-05-02T05:30:00,M04,S4,84.8,0.82,1611,B002,FAIL,ALIGNMENT
2026-05-02T06:00:00,M04,S4,71.8,0.99,1339,B002,PASS,
2026-05-02T06:30:00,M04,S4,82.6,0.4,1509,B002,PASS,
2026-05-02T07:00:00,M04,S4,61.4,0.34,1333,B002,PASS,
2026-05-02T07:30:00,M04,S4,74.2,0.66,1606,B002,PASS,
2026-05-02T08:00:00,M04,S4,69.8,0.81,1162,B002,PASS,
2026-05-02T08:30:00,M04,S4,82.2,0.5,1336,B002,PASS,
2026-05-02T09:00:00,M04,S4,76.0,0.91,1299,B002,PASS,
2026-05-02T09:30:00,M04,S4,71.1,0.87,1979,B002,PASS,
2026-05-02T10:00:00,M04,S4,83.9,0.93,1688,B002,FAIL,MATERIAL
2026-05-02T10:30:00,M04,S4,68.0,0.86,1972,B002,PASS,
2026-05-02T11:00:00,M04,S4,66.8,0.25,1480,B002,PASS,
2026-05-02T11:30:00,M04,S4,81.6,0.97,1380,B002,PASS,
2026-05-02T12:00:00,M04,S4,67.3,0.77,1700,B002,FAIL,MATERIAL
2026-05-02T12:30:00,M04,S4,69.4,0.35,1690,B002,PASS,
2026-05-02T13:00:00,M04,S4,83.2,1.12,1872,B002,FAIL,UNKNOWN
2026-05-02T13:30:00,M04,S4,81.8,0.91,1518,B002,PASS,
2026-05-02T14:00:00,M04,S4,89.9,0.68,1376,B002,PASS,
2026-05-02T14:30:00,M04,S4,73.8,0.73,1546,B002,PASS,
2026-05-02T15:00:00,M04,S4,86.0,0.88,1803,B002,FAIL,CALIBRATION
2026-05-02T15:30:00,M04,S4,78.3,0.39,1246,B002,PASS,
2026-05-02T16:00:00,M04,S4,76.7,0.42,1972,B002,PASS,
2026-05-02T16:30:00,M04,S4,68.7,0.41,1704,B002,PASS,
2026-05-02T17:00:00,M04,S4,70.5,1.13,1795,B002,FAIL,CALIBRATION
2026-05-02T17:30:00,M04,S4,68.6,0.77,1543,B002,PASS,
2026-05-02T18:00:00,M04,S4,71.8,0.55,1773,B002,FAIL,ALIGNMENT
2026-05-02T18:30:00,M04,S4,68.6,0.91,1346,B002,PASS,
2026-05-02T19:00:00,M04,S4,67.7,0.68,1202,B002,PASS,
2026-05-02T19:30:00,M04,S4,76.2,1.13,1696,B002,FAIL,TOOLING
2026-05-02T20:00:00,M04,S4,63.3,0.94,1239,B002,FAIL,SENSOR
2026-05-02T20:30:00,M04,S4,66.8,0.43,1100,B002,PASS,
2026-05-02T21:00:00,M04,S4,69.9,0.67,1681,B002,FAIL,SENSOR
2026-05-02T21:30:00,M04,S4,89.3,0.36,1652,B002,FAIL,MATERIAL
2026-05-02T22:00:00,M04,S4,74.3,0.4,1963,B002,PASS,
2026-05-02T22:30:00,M04,S4,79.4,1.11,1089,B002,PASS,
2026-05-02T23:00:00,M04,S4,76.1,0.92,1936,B002,PASS,
2026-05-02T23:30:00,M04,S4,65.3,1.08,1175,B002,PASS,
2026-05-02T00:00:00,M05,S5,89.9,0.6,1495,B002,PASS,
2026-05-02T00:30:00,M05,S5,88.9,1.13,1876,B002,FAIL,ALIGNMENT
2026-05-02T01:00:00,M05,S5,69.0,0.8,1928,B002,PASS,
2026-05-02T01:30:00,M05,S5,73.6,0.84,1524,B002,PASS,
2026-05-02T02:00:00,M05,S5,64.0,0.7,1272,B002,PASS,
2026-05-02T02:30:00,M05,S5,84.3,0.53,1731,B002,PASS,
2026-05-02T03:00:00,M05,S5,81.6,0.21,1337,B002,PASS,
2026-05-02T03:30:00,M05,S5,80.2,0.39,1610,B002,PASS,
2026-05-02T04:00:00,M05,S5,72.2,0.63,1327,B002,PASS,
2026-05-02T04:30:00,M05,S5,72.0,0.3,1981,B002,PASS,
2026-05-02T05:00:00,M05,S5,88.1,0.21,1383,B002,PASS,
2026-05-02T05:30:00,M05,S5,68.0,0.53,1582,B002,PASS,
2026-05-02T06:00:00,M05,S5,67.8,0.56,1236,B002,PASS,
2026-05-02T06:30:00,M05,S5,80.0,0.67,1159,B002,PASS,
2026-05-02T07:00:00,M05,S5,87.7,1.09,1769,B002,FAIL,UNKNOWN
2026-05-02T07:30:00,M05,S5,63.5,1.12,1295,B002,PASS,
2026-05-02T08:00:00,M05,S5,66.6,0.33,1153,B002,PASS,
2026-05-02T08:30:00,M05,S5,82.4,0.81,1415,B002,PASS,
2026-05-02T09:00:00,M05,S5,74.1,0.74,1664,B002,PASS,
2026-05-02T09:30:00,M05,S5,67.4,0.95,1873,B002,FAIL,MATERIAL
2026-05-02T10:00:00,M05,S5,75.8,0.56,1917,B002,FAIL,SENSOR
2026-05-02T10:30:00,M05,S5,87.1,0.4,1536,B002,FAIL,TOOLING
2026-05-02T11:00:00,M05,S5,69.8,0.72,1116,B002,PASS,
2026-05-02T11:30:00,M05,S5,66.2,0.78,1090,B002,PASS,
2026-05-02T12:00:00,M05,S5,75.3,1.01,1453,B002,PASS,
2026-05-02T12:30:00,M05,S5,73.7,0.26,1462,B002,PASS,
2026-05-02T13:00:00,M05,S5,81.7,0.6,1816,B002,PASS,
2026-05-02T13:30:00,M05,S5,77.3,0.25,1344,B002,PASS,
2026-05-02T14:00:00,M05,S5,61.9,1.19,1934,B002,FAIL,ALIGNMENT
2026-05-02T14:30:00,M05,S5,89.6,0.67,1287,B002,FAIL,TOOLING
2026-05-02T15:00:00,M05,S5,83.0,1.18,1645,B002,FAIL,MATERIAL
2026-05-02T15:30:00,M05,S5,71.2,1.09,1448,B002,PASS,
2026-05-02T16:00:00,M05,S5,71.3,0.28,1964,B002,PASS,
2026-05-02T16:30:00,M05,S5,64.0,1.06,1118,B002,PASS,
2026-05-02T17:00:00,M05,S5,71.8,0.33,1978,B002,PASS,
2026-05-02T17:30:00,M05,S5,82.7,1.18,1463,B002,PASS,
2026-05-02T18:00:00,M05,S5,72.7,0.58,1229,B002,PASS,
2026-05-02T18:30:00,M05,S5,73.8,0.36,1188,B002,PASS,
2026-05-02T19:00:00,M05,S5,86.3,0.97,1032,B002,PASS,
2026-05-02T19:30:00,M05,S5,78.4,1.14,1889,B002,FAIL,TOOLING
2026-05-02T20:00:00,M05,S5,66.2,0.3,1033,B002,PASS,
2026-05-02T20:30:00,M05,S5,77.9,0.9,1048,B002,PASS,
2026-05-02T21:00:00,M05,S5,72.1,0.43,1217,B002,PASS,
2026-05-02T21:30:00,M05,S5,85.9,0.26,1503,B002,FAIL,CALIBRATION
2026-05-02T22:00:00,M05,S5,67.0,1.12,1576,B002,FAIL,SENSOR
2026-05-02T22:30:00,M05,S5,77.9,0.87,1320,B002,PASS,
2026-05-02T23:00:00,M05,S5,64.3,0.86,1221,B002,PASS,
2026-05-02T23:30:00,M05,S5,61.8,1.15,1879,B002,FAIL,TOOLING
2026-05-03T00:00:00,M01,S1,80.7,1.17,1941,B003,FAIL,UNKNOWN
2026-05-03T00:30:00,M01,S1,76.5,0.72,1696,B003,PASS,
2026-05-03T01:00:00,M01,S1,68.1,0.43,1857,B003,FAIL,MATERIAL
2026-05-03T01:30:00,M01,S1,91.1,0.76,1967,B003,FAIL,SENSOR
2026-05-03T02:00:00,M01,S1,78.7,0.53,1079,B003,PASS,
2026-05-03T02:30:00,M01,S1,76.1,0.74,1829,B003,FAIL,MATERIAL
2026-05-03T03:00:00,M01,S1,81.0,0.39,1761,B003,PASS,
2026-05-03T03:30:00,M01,S1,75.9,1.07,1332,B003,FAIL,TOOLING
2026-05-03T04:00:00,M01,S1,98.7,0.68,1242,B003,PASS,
2026-05-03T04:30:00,M01,S1,96.7,0.75,1775,B003,FAIL,MATERIAL
2026-05-03T05:00:00,M01,S1,77.0,0.56,1882,B003,PASS,
2026-05-03T05:30:00,M01,S1,84.3,0.96,1320,B003,PASS,
2026-05-03T06:00:00,M01,S1,67.5,0.22,1553,B003,PASS,
2026-05-03T06:30:00,M01,S1,70.4,0.4,1230,B003,PASS,
2026-05-03T07:00:00,M01,S1,66.8,0.54,1763,B003,PASS,
2026-05-03T07:30:00,M01,S1,84.7,0.66,1732,B003,PASS,
2026-05-03T08:00:00,M01,S1,82.1,1.19,1957,B003,FAIL,SENSOR
2026-05-03T08:30:00,M01,S1,68.9,1.05,1945,B003,FAIL,UNKNOWN
2026-05-03T09:00:00,M01,S1,66.5,0.83,1067,B003,FAIL,TOOLING
2026-05-03T09:30:00,M01,S1,79.2,0.57,1617,B003,PASS,
2026-05-03T10:00:00,M01,S1,78.3,0.75,1011,B003,PASS,
2026-05-03T10:30:00,M01,S1,72.3,1.18,1017,B003,PASS,
2026-05-03T11:00:00,M01,S1,89.0,0.3,1148,B003,FAIL,SENSOR
2026-05-03T11:30:00,M01,S1,71.1,0.55,1794,B003,FAIL,MATERIAL
2026-05-03T12:00:00,M01,S1,77.9,0.5,1828,B003,FAIL,UNKNOWN
2026-05-03T12:30:00,M01,S1,89.9,0.29,1379,B003,PASS,
2026-05-03T13:00:00,M01,S1,65.4,0.63,1784,B003,PASS,
2026-05-03T13:30:00,M01,S1,68.9,0.73,1042,B003,PASS,
2026-05-03T14:00:00,M01,S1,91.8,0.25,1074,B003,PASS,
2026-05-03T14:30:00,M01,S1,79.4,0.23,1928,B003,PASS,
2026-05-03T15:00:00,M01,S1,81.7,0.6,1076,B003,FAIL,TOOLING
2026-05-03T15:30:00,M01,S1,77.8,1.05,1677,B003,FAIL,SENSOR
2026-05-03T16:00:00,M01,S1,74.0,1.19,1724,B003,FAIL,SENSOR
2026-05-03T16:30:00,M01,S1,85.3,0.55,1097,B003,PASS,
2026-05-03T17:00:00,M01,S1,80.1,1.17,1326,B003,PASS,
2026-05-03T17:30:00,M01,S1,75.8,0.43,1553,B003,PASS,
2026-05-03T18:00:00,M01,S1,79.1,0.5,1246,B003,PASS,
2026-05-03T18:30:00,M01,S1,74.4,0.58,1783,B003,FAIL,MATERIAL
2026-05-03T19:00:00,M01,S1,73.7,0.51,1359,B003,PASS,
2026-05-03T19:30:00,M01,S1,68.1,0.39,1448,B003,PASS,
2026-05-03T20:00:00,M01,S1,64.3,0.8,1324,B003,PASS,
2026-05-03T20:30:00,M01,S1,73.5,0.59,1084,B003,PASS,
2026-05-03T21:00:00,M01,S1,93.7,0.37,1380,B003,FAIL,CALIBRATION
2026-05-03T21:30:00,M01,S1,71.7,0.35,1167,B003,PASS,
2026-05-03T22:00:00,M01,S1,73.4,1.14,1720,B003,FAIL,MATERIAL
2026-05-03T22:30:00,M01,S1,80.0,0.4,1106,B003,PASS,
2026-05-03T23:00:00,M01,S1,91.1,1.0,1329,B003,FAIL,CALIBRATION
2026-05-03T23:30:00,M01,S1,79.3,1.02,1651,B003,FAIL,SENSOR
2026-05-03T00:00:00,M02,S2,64.1,0.52,1947,B003,PASS,
2026-05-03T00:30:00,M02,S2,69.4,1.16,1968,B003,FAIL,CALIBRATION
2026-05-03T01:00:00,M02,S2,82.0,0.83,1967,B003,PASS,
2026-05-03T01:30:00,M02,S2,69.8,0.48,1785,B003,PASS,
2026-05-03T02:00:00,M02,S2,88.0,0.4,1997,B003,FAIL,TOOLING
2026-05-03T02:30:00,M02,S2,80.5,0.75,1953,B003,PASS,
2026-05-03T03:00:00,M02,S2,81.3,0.64,1291,B003,PASS,
2026-05-03T03:30:00,M02,S2,84.6,1.0,1409,B003,PASS,
2026-05-03T04:00:00,M02,S2,79.0,0.44,1658,B003,PASS,
2026-05-03T04:30:00,M02,S2,83.7,0.27,1990,B003,PASS,
2026-05-03T05:00:00,M02,S2,72.0,0.71,1920,B003,PASS,
2026-05-03T05:30:00,M02,S2,76.3,0.99,1359,B003,PASS,
2026-05-03T06:00:00,M02,S2,76.1,0.84,1084,B003,PASS,
2026-05-03T06:30:00,M02,S2,79.7,0.56,1646,B003,FAIL,UNKNOWN
2026-05-03T07:00:00,M02,S2,80.3,0.6,1752,B003,PASS,
2026-05-03T07:30:00,M02,S2,72.9,0.21,1258,B003,PASS,
2026-05-03T08:00:00,M02,S2,75.3,0.72,1580,B003,PASS,
2026-05-03T08:30:00,M02,S2,73.4,0.59,1772,B003,PASS,
2026-05-03T09:00:00,M02,S2,75.0,0.54,1024,B003,PASS,
2026-05-03T09:30:00,M02,S2,63.1,0.62,1961,B003,FAIL,UNKNOWN
2026-05-03T10:00:00,M02,S2,64.3,0.51,1455,B003,PASS,
2026-05-03T10:30:00,M02,S2,74.5,0.68,1438,B003,PASS,
2026-05-03T11:00:00,M02,S2,69.6,0.5,1810,B003,FAIL,CALIBRATION
2026-05-03T11:30:00,M02,S2,79.4,0.88,1164,B003,PASS,
2026-05-03T12:00:00,M02,S2,67.3,0.37,1160,B003,PASS,
2026-05-03T12:30:00,M02,S2,76.8,1.16,1231,B003,PASS,
2026-05-03T13:00:00,M02,S2,65.5,0.84,1432,B003,FAIL,SENSOR
2026-05-03T13:30:00,M02,S2,86.5,0.65,1429,B003,FAIL,TOOLING
2026-05-03T14:00:00,M02,S2,66.2,0.95,1808,B003,FAIL,ALIGNMENT
2026-05-03T14:30:00,M02,S2,84.0,0.74,1365,B003,FAIL,ALIGNMENT
2026-05-03T15:00:00,M02,S2,67.9,1.06,1527,B003,FAIL,UNKNOWN
2026-05-03T15:30:00,M02,S2,69.4,0.59,1392,B003,PASS,
2026-05-03T16:00:00,M02,S2,63.4,0.55,1457,B003,FAIL,UNKNOWN
2026-05-03T16:30:00,M02,S2,81.2,0.5,1614,B003,FAIL,TOOLING
2026-05-03T17:00:00,M02,S2,69.4,0.44,1116,B003,PASS,
2026-05-03T17:30:00,M02,S2,71.2,0.34,1388,B003,PASS,
2026-05-03T18:00:00,M02,S2,77.9,0.77,1423,B003,PASS,
2026-05-03T18:30:00,M02,S2,76.1,1.12,1930,B003,FAIL,TOOLING
2026-05-03T19:00:00,M02,S2,76.6,0.69,1140,B003,PASS,
2026-05-03T19:30:00,M02,S2,69.4,0.65,1053,B003,PASS,
2026-05-03T20:00:00,M02,S2,70.8,0.21,1136,B003,PASS,
2026-05-03T20:30:00,M02,S2,84.5,1.16,1505,B003,FAIL,MATERIAL
2026-05-03T21:00:00,M02,S2,72.3,0.69,1710,B003,PASS,
2026-05-03T21:30:00,M02,S2,65.0,0.77,1795,B003,PASS,
2026-05-03T22:00:00,M02,S2,61.0,0.42,1288,B003,PASS,
2026-05-03T22:30:00,M02,S2,83.4,0.77,1772,B003,PASS,
2026-05-03T23:00:00,M02,S2,75.3,0.77,1267,B003,PASS,
2026-05-03T23:30:00,M02,S2,76.3,1.19,1542,B003,FAIL,ALIGNMENT
2026-05-03T00:00:00,M03,S3,82.8,0.64,1218,B003,PASS,
2026-05-03T00:30:00,M03,S3,82.1,0.85,1247,B003,PASS,
2026-05-03T01:00:00,M03,S3,61.0,0.46,1862,B003,FAIL,ALIGNMENT
2026-05-03T01:30:00,M03,S3,83.3,0.44,1810,B003,PASS,
2026-05-03T02:00:00,M03,S3,70.5,0.91,1632,B003,FAIL,TOOLING
2026-05-03T02:30:00,M03,S3,83.5,1.01,1805,B003,FAIL,SENSOR
2026-05-03T03:00:00,M03,S3,70.5,0.48,1538,B003,PASS,
2026-05-03T03:30:00,M03,S3,81.1,0.49,1267,B003,PASS,
2026-05-03T04:00:00,M03,S3,89.6,0.88,1095,B003,PASS,
2026-05-03T04:30:00,M03,S3,83.6,1.12,1992,B003,FAIL,UNKNOWN
2026-05-03T05:00:00,M03,S3,63.8,1.07,1249,B003,PASS,
2026-05-03T05:30:00,M03,S3,84.9,0.96,1676,B003,PASS,
2026-05-03T06:00:00,M03,S3,77.3,0.47,1414,B003,PASS,
2026-05-03T06:30:00,M03,S3,79.0,1.08,1093,B003,PASS,
2026-05-03T07:00:00,M03,S3,68.3,1.14,1369,B003,PASS,
2026-05-03T07:30:00,M03,S3,69.8,0.2,1774,B003,PASS,
2026-05-03T08:00:00,M03,S3,81.9,0.66,1664,B003,PASS,
2026-05-03T08:30:00,M03,S3,61.9,0.73,1217,B003,PASS,
2026-05-03T09:00:00,M03,S3,72.9,0.41,1268,B003,PASS,
2026-05-03T09:30:00,M03,S3,84.9,0.54,1577,B003,PASS,
2026-05-03T10:00:00,M03,S3,74.6,0.54,1682,B003,FAIL,ALIGNMENT
2026-05-03T10:30:00,M03,S3,78.8,1.04,1016,B003,PASS,
2026-05-03T11:00:00,M03,S3,64.7,0.66,1991,B003,PASS,
2026-05-03T11:30:00,M03,S3,89.9,1.11,1882,B003,FAIL,CALIBRATION
2026-05-03T12:00:00,M03,S3,64.8,1.13,1274,B003,PASS,
2026-05-03T12:30:00,M03,S3,67.5,0.57,1903,B003,FAIL,MATERIAL
2026-05-03T13:00:00,M03,S3,78.8,0.93,1755,B003,PASS,
2026-05-03T13:30:00,M03,S3,62.7,0.3,1213,B003,PASS,
2026-05-03T14:00:00,M03,S3,62.3,0.79,1519,B003,PASS,
2026-05-03T14:30:00,M03,S3,60.2,0.54,1120,B003,PASS,
2026-05-03T15:00:00,M03,S3,85.8,0.89,1477,B003,PASS,
2026-05-03T15:30:00,M03,S3,62.7,1.01,1103,B003,PASS,
2026-05-03T16:00:00,M03,S3,69.0,0.58,1813,B003,PASS,
2026-05-03T16:30:00,M03,S3,79.2,0.88,1068,B003,PASS,
2026-05-03T17:00:00,M03,S3,78.3,0.36,1351,B003,PASS,
2026-05-03T17:30:00,M03,S3,66.4,0.95,1919,B003,PASS,
2026-05-03T18:00:00,M03,S3,73.3,0.42,1896,B003,FAIL,ALIGNMENT
2026-05-03T18:30:00,M03,S3,77.7,0.58,1963,B003,PASS,
2026-05-03T19:00:00,M03,S3,64.2,0.48,1084,B003,PASS,
2026-05-03T19:30:00,M03,S3,76.6,0.8,1607,B003,PASS,
2026-05-03T20:00:00,M03,S3,80.7,1.05,1658,B003,FAIL,CALIBRATION
2026-05-03T20:30:00,M03,S3,66.2,0.81,1188,B003,PASS,
2026-05-03T21:00:00,M03,S3,79.4,0.98,1793,B003,PASS,
2026-05-03T21:30:00,M03,S3,71.6,0.44,1638,B003,FAIL,ALIGNMENT
2026-05-03T22:00:00,M03,S3,89.6,1.13,1131,B003,FAIL,SENSOR
2026-05-03T22:30:00,M03,S3,72.6,0.75,1172,B003,PASS,
2026-05-03T23:00:00,M03,S3,74.1,1.19,1072,B003,PASS,
2026-05-03T23:30:00,M03,S3,60.4,0.42,1922,B003,PASS,
2026-05-03T00:00:00,M04,S4,71.9,0.49,1712,B003,PASS,
2026-05-03T00:30:00,M04,S4,72.7,0.6,1640,B003,PASS,
2026-05-03T01:00:00,M04,S4,64.6,0.28,1079,B003,PASS,
2026-05-03T01:30:00,M04,S4,87.6,1.17,1155,B003,FAIL,CALIBRATION
2026-05-03T02:00:00,M04,S4,71.7,0.83,1834,B003,PASS,
2026-05-03T02:30:00,M04,S4,62.0,0.9,1729,B003,PASS,
2026-05-03T03:00:00,M04,S4,61.7,0.29,1434,B003,PASS,
2026-05-03T03:30:00,M04,S4,78.3,0.51,1741,B003,PASS,
2026-05-03T04:00:00,M04,S4,63.6,0.91,1701,B003,FAIL,CALIBRATION
2026-05-03T04:30:00,M04,S4,75.7,0.98,1720,B003,FAIL,TOOLING
2026-05-03T05:00:00,M04,S4,82.5,1.07,1732,B003,FAIL,ALIGNMENT
2026-05-03T05:30:00,M04,S4,83.1,0.23,1807,B003,PASS,
2026-05-03T06:00:00,M04,S4,61.9,0.91,1576,B003,FAIL,MATERIAL
2026-05-03T06:30:00,M04,S4,75.3,0.26,1859,B003,FAIL,TOOLING
2026-05-03T07:00:00,M04,S4,67.7,0.3,1573,B003,PASS,
2026-05-03T07:30:00,M04,S4,66.9,0.71,1044,B003,PASS,
2026-05-03T08:00:00,M04,S4,85.9,0.44,1471,B003,PASS,
2026-05-03T08:30:00,M04,S4,64.5,1.13,1857,B003,FAIL,SENSOR
2026-05-03T09:00:00,M04,S4,84.1,0.91,1655,B003,PASS,
2026-05-03T09:30:00,M04,S4,67.4,1.12,1319,B003,PASS,
2026-05-03T10:00:00,M04,S4,77.1,0.32,1673,B003,FAIL,TOOLING
2026-05-03T10:30:00,M04,S4,84.1,1.18,1954,B003,FAIL,ALIGNMENT
2026-05-03T11:00:00,M04,S4,86.3,1.07,1773,B003,FAIL,CALIBRATION
2026-05-03T11:30:00,M04,S4,69.8,0.75,1007,B003,PASS,
2026-05-03T12:00:00,M04,S4,66.0,0.76,1303,B003,PASS,
2026-05-03T12:30:00,M04,S4,78.7,0.66,1591,B003,PASS,
2026-05-03T13:00:00,M04,S4,83.2,0.4,1900,B003,PASS,
2026-05-03T13:30:00,M04,S4,67.4,0.21,1410,B003,PASS,
2026-05-03T14:00:00,M04,S4,70.4,1.04,1877,B003,FAIL,CALIBRATION
2026-05-03T14:30:00,M04,S4,60.0,0.86,1849,B003,PASS,
2026-05-03T15:00:00,M04,S4,63.1,0.73,1238,B003,PASS,
2026-05-03T15:30:00,M04,S4,74.8,0.26,1996,B003,PASS,
2026-05-03T16:00:00,M04,S4,62.8,1.12,1897,B003,FAIL,SENSOR
2026-05-03T16:30:00,M04,S4,72.4,1.1,1458,B003,PASS,
2026-05-03T17:00:00,M04,S4,77.4,0.71,1637,B003,PASS,
2026-05-03T17:30:00,M04,S4,77.8,0.26,1662,B003,FAIL,CALIBRATION
2026-05-03T18:00:00,M04,S4,67.8,0.52,1800,B003,PASS,
2026-05-03T18:30:00,M04,S4,82.1,0.52,1271,B003,FAIL,TOOLING
2026-05-03T19:00:00,M04,S4,64.1,0.97,1108,B003,FAIL,MATERIAL
2026-05-03T19:30:00,M04,S4,74.0,0.61,1535,B003,PASS,
2026-05-03T20:00:00,M04,S4,66.2,0.51,1265,B003,PASS,
2026-05-03T20:30:00,M04,S4,63.6,0.36,1686,B003,PASS,
2026-05-03T21:00:00,M04,S4,80.9,0.24,1835,B003,PASS,
2026-05-03T21:30:00,M04,S4,62.7,0.45,1355,B003,PASS,
2026-05-03T22:00:00,M04,S4,75.4,0.88,1260,B003,PASS,
2026-05-03T22:30:00,M04,S4,60.9,0.6,1452,B003,PASS,
2026-05-03T23:00:00,M04,S4,67.5,0.66,1803,B003,FAIL,ALIGNMENT
2026-05-03T23:30:00,M04,S4,61.9,0.98,1222,B003,FAIL,MATERIAL
2026-05-03T00:00:00,M05,S5,71.2,0.83,1644,B003,PASS,
2026-05-03T00:30:00,M05,S5,67.8,1.01,1021,B003,FAIL,UNKNOWN
2026-05-03T01:00:00,M05,S5,73.3,0.33,1905,B003,PASS,
2026-05-03T01:30:00,M05,S5,69.9,0.24,1460,B003,FAIL,SENSOR
2026-05-03T02:00:00,M05,S5,73.0,0.92,1496,B003,PASS,
2026-05-03T02:30:00,M05,S5,72.8,0.55,1908,B003,PASS,
2026-05-03T03:00:00,M05,S5,73.4,0.35,1614,B003,PASS,
2026-05-03T03:30:00,M05,S5,79.4,0.7,1882,B003,PASS,
2026-05-03T04:00:00,M05,S5,62.6,0.58,1419,B003,PASS,
2026-05-03T04:30:00,M05,S5,83.9,0.45,1994,B003,PASS,
2026-05-03T05:00:00,M05,S5,60.6,0.58,1713,B003,PASS,
2026-05-03T05:30:00,M05,S5,83.4,0.54,1565,B003,PASS,
2026-05-03T06:00:00,M05,S5,68.1,0.23,1597,B003,FAIL,CALIBRATION
2026-05-03T06:30:00,M05,S5,61.8,1.19,1529,B003,FAIL,SENSOR
2026-05-03T07:00:00,M05,S5,90.0,1.17,1100,B003,FAIL,UNKNOWN
2026-05-03T07:30:00,M05,S5,67.2,0.73,1791,B003,PASS,
2026-05-03T08:00:00,M05,S5,82.9,1.15,1575,B003,FAIL,MATERIAL
2026-05-03T08:30:00,M05,S5,70.6,1.04,1845,B003,FAIL,TOOLING
2026-05-03T09:00:00,M05,S5,67.1,0.52,1738,B003,PASS,
2026-05-03T09:30:00,M05,S5,77.7,0.9,1351,B003,PASS,
2026-05-03T10:00:00,M05,S5,64.3,1.15,1836,B003,FAIL,MATERIAL
2026-05-03T10:30:00,M05,S5,76.3,0.38,1037,B003,PASS,
2026-05-03T11:00:00,M05,S5,61.7,0.8,1019,B003,PASS,
2026-05-03T11:30:00,M05,S5,70.0,0.81,1806,B003,PASS,
2026-05-03T12:00:00,M05,S5,65.3,1.0,1868,B003,FAIL,ALIGNMENT
2026-05-03T12:30:00,M05,S5,60.7,0.79,1917,B003,PASS,
2026-05-03T13:00:00,M05,S5,85.4,1.06,1960,B003,FAIL,CALIBRATION
2026-05-03T13:30:00,M05,S5,81.1,0.86,1586,B003,PASS,
2026-05-03T14:00:00,M05,S5,69.7,1.18,1732,B003,FAIL,MATERIAL
2026-05-03T14:30:00,M05,S5,83.8,1.16,1649,B003,FAIL,TOOLING
2026-05-03T15:00:00,M05,S5,81.2,0.76,1889,B003,PASS,
2026-05-03T15:30:00,M05,S5,70.7,0.87,1814,B003,PASS,
2026-05-03T16:00:00,M05,S5,82.0,0.49,1177,B003,FAIL,UNKNOWN
2026-05-03T16:30:00,M05,S5,88.5,0.59,1994,B003,FAIL,SENSOR
2026-05-03T17:00:00,M05,S5,61.0,0.8,1921,B003,PASS,
2026-05-03T17:30:00,M05,S5,66.6,0.77,1936,B003,FAIL,UNKNOWN
2026-05-03T18:00:00,M05,S5,62.3,0.55,1319,B003,PASS,
2026-05-03T18:30:00,M05,S5,79.1,1.16,1821,B003,FAIL,UNKNOWN
2026-05-03T19:00:00,M05,S5,79.2,1.09,1446,B003,PASS,
2026-05-03T19:30:00,M05,S5,67.5,0.27,1256,B003,PASS,
2026-05-03T20:00:00,M05,S5,63.2,0.2,1385,B003,PASS,
2026-05-03T20:30:00,M05,S5,82.0,1.17,1884,B003,FAIL,MATERIAL
2026-05-03T21:00:00,M05,S5,86.5,0.55,1375,B003,PASS,
2026-05-03T21:30:00,M05,S5,83.7,0.78,1758,B003,PASS,
2026-05-03T22:00:00,M05,S5,73.5,1.0,1033,B003,FAIL,CALIBRATION
2026-05-03T22:30:00,M05,S5,88.5,0.27,1170,B003,PASS,
2026-05-03T23:00:00,M05,S5,82.0,0.75,1898,B003,FAIL,SENSOR
2026-05-03T23:30:00,M05,S5,89.6,1.09,1704,B003,FAIL,MATERIAL
2026-05-04T00:00:00,M01,S1,94.4,0.36,1101,B004,PASS,
2026-05-04T00:30:00,M01,S1,88.5,0.92,1729,B004,FAIL,CALIBRATION
2026-05-04T01:00:00,M01,S1,83.6,0.59,1549,B004,PASS,
2026-05-04T01:30:00,M01,S1,65.0,0.29,1823,B004,PASS,
2026-05-04T02:00:00,M01,S1,67.7,1.18,1473,B004,FAIL,MATERIAL
2026-05-04T02:30:00,M01,S1,80.9,1.09,1265,B004,PASS,
2026-05-04T03:00:00,M01,S1,74.2,0.24,1439,B004,PASS,
2026-05-04T03:30:00,M01,S1,81.8,0.35,1696,B004,FAIL,UNKNOWN
2026-05-04T04:00:00,M01,S1,69.2,0.79,1553,B004,PASS,
2026-05-04T04:30:00,M01,S1,75.2,0.74,1866,B004,PASS,
2026-05-04T05:00:00,M01,S1,82.1,0.91,1502,B004,PASS,
2026-05-04T05:30:00,M01,S1,86.4,0.82,1120,B004,PASS,
2026-05-04T06:00:00,M01,S1,97.1,0.33,1423,B004,PASS,
2026-05-04T06:30:00,M01,S1,93.3,0.83,1834,B004,FAIL,CALIBRATION
2026-05-04T07:00:00,M01,S1,73.1,0.29,1556,B004,PASS,
2026-05-04T07:30:00,M01,S1,76.0,1.12,1012,B004,PASS,
2026-05-04T08:00:00,M01,S1,88.3,0.77,1582,B004,FAIL,ALIGNMENT
2026-05-04T08:30:00,M01,S1,92.5,0.76,1100,B004,PASS,
2026-05-04T09:00:00,M01,S1,72.7,0.69,1608,B004,FAIL,CALIBRATION
2026-05-04T09:30:00,M01,S1,77.1,0.82,1680,B004,PASS,
2026-05-04T10:00:00,M01,S1,90.1,0.68,1268,B004,PASS,
2026-05-04T10:30:00,M01,S1,87.2,0.51,1842,B004,FAIL,UNKNOWN
2026-05-04T11:00:00,M01,S1,86.0,0.5,1743,B004,FAIL,CALIBRATION
2026-05-04T11:30:00,M01,S1,71.8,0.62,1645,B004,FAIL,TOOLING
2026-05-04T12:00:00,M01,S1,89.5,0.72,1373,B004,FAIL,TOOLING
2026-05-04T12:30:00,M01,S1,67.2,0.91,1403,B004,PASS,
2026-05-04T13:00:00,M01,S1,82.9,0.4,1057,B004,FAIL,ALIGNMENT
2026-05-04T13:30:00,M01,S1,95.2,0.9,1273,B004,PASS,
2026-05-04T14:00:00,M01,S1,83.4,0.57,1594,B004,FAIL,MATERIAL
2026-05-04T14:30:00,M01,S1,82.0,0.55,1163,B004,PASS,
2026-05-04T15:00:00,M01,S1,84.2,0.36,1572,B004,PASS,
2026-05-04T15:30:00,M01,S1,85.4,0.88,1269,B004,FAIL,UNKNOWN
2026-05-04T16:00:00,M01,S1,66.7,0.8,1008,B004,PASS,
2026-05-04T16:30:00,M01,S1,71.6,1.17,1642,B004,FAIL,MATERIAL
2026-05-04T17:00:00,M01,S1,92.2,0.42,1302,B004,PASS,
2026-05-04T17:30:00,M01,S1,79.8,0.21,1999,B004,PASS,
2026-05-04T18:00:00,M01,S1,79.5,0.88,1481,B004,PASS,
2026-05-04T18:30:00,M01,S1,72.8,0.48,1656,B004,PASS,
2026-05-04T19:00:00,M01,S1,68.2,0.26,1857,B004,PASS,
2026-05-04T19:30:00,M01,S1,73.4,0.34,1025,B004,PASS,
2026-05-04T20:00:00,M01,S1,74.6,0.94,1583,B004,PASS,
2026-05-04T20:30:00,M01,S1,73.2,0.91,1686,B004,PASS,
2026-05-04T21:00:00,M01,S1,91.2,0.37,1657,B004,FAIL,SENSOR
2026-05-04T21:30:00,M01,S1,70.7,0.3,1127,B004,PASS,
2026-05-04T22:00:00,M01,S1,88.4,0.88,1335,B004,FAIL,CALIBRATION
2026-05-04T22:30:00,M01,S1,69.4,1.07,1420,B004,PASS,
2026-05-04T23:00:00,M01,S1,80.6,0.25,1634,B004,PASS,
2026-05-04T23:30:00,M01,S1,78.4,0.39,1119,B004,PASS,
2026-05-04T00:00:00,M02,S2,75.9,0.61,1870,B004,FAIL,TOOLING
2026-05-04T00:30:00,M02,S2,70.3,1.19,1892,B004,FAIL,MATERIAL
2026-05-04T01:00:00,M02,S2,64.3,1.06,1180,B004,FAIL,CALIBRATION
2026-05-04T01:30:00,M02,S2,78.9,0.38,1634,B004,FAIL,CALIBRATION
2026-05-04T02:00:00,M02,S2,66.3,0.97,1576,B004,FAIL,ALIGNMENT
2026-05-04T02:30:00,M02,S2,63.9,0.63,1429,B004,PASS,
2026-05-04T03:00:00,M02,S2,74.3,0.2,1533,B004,PASS,
2026-05-04T03:30:00,M02,S2,88.5,1.09,1756,B004,FAIL,SENSOR
2026-05-04T04:00:00,M02,S2,65.7,0.88,1626,B004,PASS,
2026-05-04T04:30:00,M02,S2,80.8,0.54,1128,B004,PASS,
2026-05-04T05:00:00,M02,S2,77.7,0.37,1823,B004,PASS,
2026-05-04T05:30:00,M02,S2,68.7,0.93,1596,B004,PASS,
2026-05-04T06:00:00,M02,S2,86.6,1.2,1342,B004,FAIL,MATERIAL
2026-05-04T06:30:00,M02,S2,70.8,0.39,1948,B004,PASS,
2026-05-04T07:00:00,M02,S2,72.1,0.43,1727,B004,FAIL,UNKNOWN
2026-05-04T07:30:00,M02,S2,60.7,0.7,1123,B004,PASS,
2026-05-04T08:00:00,M02,S2,81.3,0.99,1375,B004,PASS,
2026-05-04T08:30:00,M02,S2,83.1,0.82,1593,B004,FAIL,ALIGNMENT
2026-05-04T09:00:00,M02,S2,79.6,0.22,1689,B004,PASS,
2026-05-04T09:30:00,M02,S2,71.4,0.75,1474,B004,FAIL,UNKNOWN
2026-05-04T10:00:00,M02,S2,80.6,0.21,1420,B004,FAIL,SENSOR
2026-05-04T10:30:00,M02,S2,68.1,0.81,1137,B004,PASS,
2026-05-04T11:00:00,M02,S2,63.1,0.92,1117,B004,FAIL,ALIGNMENT
2026-05-04T11:30:00,M02,S2,74.9,0.81,1777,B004,PASS,
2026-05-04T12:00:00,M02,S2,89.2,0.56,1409,B004,FAIL,SENSOR
2026-05-04T12:30:00,M02,S2,74.9,0.41,1933,B004,PASS,
2026-05-04T13:00:00,M02,S2,60.1,0.87,1906,B004,PASS,
2026-05-04T13:30:00,M02,S2,80.1,0.35,1090,B004,PASS,
2026-05-04T14:00:00,M02,S2,81.7,0.3,1255,B004,PASS,
2026-05-04T14:30:00,M02,S2,89.7,0.5,1464,B004,FAIL,TOOLING
2026-05-04T15:00:00,M02,S2,86.2,1.05,1360,B004,FAIL,UNKNOWN
2026-05-04T15:30:00,M02,S2,69.4,0.94,1094,B004,PASS,
2026-05-04T16:00:00,M02,S2,61.4,1.05,1663,B004,FAIL,TOOLING
2026-05-04T16:30:00,M02,S2,69.9,1.09,1955,B004,FAIL,CALIBRATION
2026-05-04T17:00:00,M02,S2,86.4,0.29,1814,B004,FAIL,TOOLING
2026-05-04T17:30:00,M02,S2,63.4,0.6,1456,B004,PASS,
2026-05-04T18:00:00,M02,S2,80.7,0.68,1421,B004,PASS,
2026-05-04T18:30:00,M02,S2,65.0,0.33,1726,B004,PASS,
2026-05-04T19:00:00,M02,S2,85.3,0.3,1911,B004,FAIL,MATERIAL
2026-05-04T19:30:00,M02,S2,84.1,0.88,1181,B004,PASS,
2026-05-04T20:00:00,M02,S2,70.8,0.23,1684,B004,PASS,
2026-05-04T20:30:00,M02,S2,89.2,0.33,1920,B004,FAIL,ALIGNMENT
2026-05-04T21:00:00,M02,S2,86.6,0.64,1063,B004,PASS,
2026-05-04T21:30:00,M02,S2,60.4,1.07,1524,B004,FAIL,UNKNOWN
2026-05-04T22:00:00,M02,S2,77.3,0.77,1977,B004,PASS,
2026-05-04T22:30:00,M02,S2,70.1,0.72,1700,B004,FAIL,UNKNOWN
2026-05-04T23:00:00,M02,S2,81.8,0.68,1663,B004,PASS,
2026-05-04T23:30:00,M02,S2,64.5,1.03,1892,B004,FAIL,SENSOR
2026-05-04T00:00:00,M03,S3,61.6,0.84,1156,B004,PASS,
2026-05-04T00:30:00,M03,S3,85.6,1.07,1074,B004,FAIL,MATERIAL
2026-05-04T01:00:00,M03,S3,69.6,0.53,1278,B004,PASS,
2026-05-04T01:30:00,M03,S3,75.2,0.75,1378,B004,PASS,
2026-05-04T02:00:00,M03,S3,84.5,0.28,1444,B004,PASS,
2026-05-04T02:30:00,M03,S3,62.6,0.7,1316,B004,PASS,
2026-05-04T03:00:00,M03,S3,89.4,0.95,1017,B004,PASS,
2026-05-04T03:30:00,M03,S3,61.1,0.75,1825,B004,PASS,
2026-05-04T04:00:00,M03,S3,88.9,0.84,1890,B004,FAIL,SENSOR
2026-05-04T04:30:00,M03,S3,66.2,0.87,1950,B004,PASS,
2026-05-04T05:00:00,M03,S3,61.6,0.42,1454,B004,PASS,
2026-05-04T05:30:00,M03,S3,78.6,0.67,1657,B004,PASS,
2026-05-04T06:00:00,M03,S3,63.4,0.96,1221,B004,PASS,
2026-05-04T06:30:00,M03,S3,84.9,1.16,1291,B004,PASS,
2026-05-04T07:00:00,M03,S3,81.1,0.25,1164,B004,FAIL,UNKNOWN
2026-05-04T07:30:00,M03,S3,82.3,0.61,1254,B004,FAIL,ALIGNMENT
2026-05-04T08:00:00,M03,S3,87.9,0.59,1457,B004,PASS,
2026-05-04T08:30:00,M03,S3,81.5,0.31,1414,B004,PASS,
2026-05-04T09:00:00,M03,S3,85.1,0.79,1772,B004,FAIL,MATERIAL
2026-05-04T09:30:00,M03,S3,73.7,0.79,1504,B004,PASS,
2026-05-04T10:00:00,M03,S3,60.1,0.94,1553,B004,PASS,
2026-05-04T10:30:00,M03,S3,77.6,1.12,1781,B004,FAIL,TOOLING
2026-05-04T11:00:00,M03,S3,80.8,0.37,1815,B004,FAIL,UNKNOWN
2026-05-04T11:30:00,M03,S3,78.0,1.08,1504,B004,FAIL,MATERIAL
2026-05-04T12:00:00,M03,S3,72.6,0.81,1692,B004,PASS,
2026-05-04T12:30:00,M03,S3,71.9,0.54,1294,B004,PASS,
2026-05-04T13:00:00,M03,S3,84.1,0.34,1602,B004,PASS,
2026-05-04T13:30:00,M03,S3,75.4,1.04,1547,B004,FAIL,CALIBRATION
2026-05-04T14:00:00,M03,S3,81.4,1.14,1632,B004,FAIL,TOOLING
2026-05-04T14:30:00,M03,S3,66.3,0.91,1686,B004,PASS,
2026-05-04T15:00:00,M03,S3,64.0,0.91,1975,B004,FAIL,SENSOR
2026-05-04T15:30:00,M03,S3,80.8,0.52,1115,B004,PASS,
2026-05-04T16:00:00,M03,S3,74.4,0.77,1667,B004,PASS,
2026-05-04T16:30:00,M03,S3,82.4,1.04,1285,B004,PASS,
2026-05-04T17:00:00,M03,S3,84.2,0.72,1025,B004,FAIL,UNKNOWN
2026-05-04T17:30:00,M03,S3,61.7,0.47,1785,B004,PASS,
2026-05-04T18:00:00,M03,S3,80.5,0.35,1062,B004,PASS,
2026-05-04T18:30:00,M03,S3,66.1,0.74,1358,B004,PASS,
2026-05-04T19:00:00,M03,S3,73.6,0.82,1675,B004,PASS,
2026-05-04T19:30:00,M03,S3,66.7,0.85,1388,B004,PASS,
2026-05-04T20:00:00,M03,S3,83.9,0.9,1692,B004,FAIL,MATERIAL
2026-05-04T20:30:00,M03,S3,71.6,1.16,1975,B004,FAIL,CALIBRATION
2026-05-04T21:00:00,M03,S3,89.0,0.25,1743,B004,FAIL,TOOLING
2026-05-04T21:30:00,M03,S3,78.6,0.98,1870,B004,PASS,
2026-05-04T22:00:00,M03,S3,87.3,0.9,1647,B004,FAIL,SENSOR
2026-05-04T22:30:00,M03,S3,76.4,0.8,1776,B004,PASS,
2026-05-04T23:00:00,M03,S3,68.8,0.38,1682,B004,FAIL,TOOLING
2026-05-04T23:30:00,M03,S3,82.1,0.32,1040,B004,PASS,
2026-05-04T00:00:00,M04,S4,67.9,0.36,1846,B004,FAIL,MATERIAL
2026-05-04T00:30:00,M04,S4,81.3,0.35,1153,B004,PASS,
2026-05-04T01:00:00,M04,S4,61.5,1.13,1615,B004,FAIL,UNKNOWN
2026-05-04T01:30:00,M04,S4,69.0,0.99,1550,B004,FAIL,UNKNOWN
2026-05-04T02:00:00,M04,S4,69.5,0.42,1183,B004,PASS,
2026-05-04T02:30:00,M04,S4,62.0,0.71,1415,B004,PASS,
2026-05-04T03:00:00,M04,S4,62.8,0.42,1213,B004,PASS,
2026-05-04T03:30:00,M04,S4,70.0,0.56,1218,B004,PASS,
2026-05-04T04:00:00,M04,S4,82.6,0.73,1996,B004,PASS,
2026-05-04T04:30:00,M04,S4,89.4,0.21,1668,B004,FAIL,MATERIAL
2026-05-04T05:00:00,M04,S4,67.2,0.84,1918,B004,PASS,
2026-05-04T05:30:00,M04,S4,61.2,1.09,1381,B004,PASS,
2026-05-04T06:00:00,M04,S4,63.4,0.46,1723,B004,FAIL,SENSOR
2026-05-04T06:30:00,M04,S4,84.7,0.57,1802,B004,PASS,
2026-05-04T07:00:00,M04,S4,61.3,1.1,1192,B004,PASS,
2026-05-04T07:30:00,M04,S4,88.4,0.37,1956,B004,FAIL,SENSOR
2026-05-04T08:00:00,M04,S4,76.0,0.83,1210,B004,PASS,
2026-05-04T08:30:00,M04,S4,66.4,0.89,1835,B004,PASS,
2026-05-04T09:00:00,M04,S4,84.9,1.08,1741,B004,FAIL,MATERIAL
2026-05-04T09:30:00,M04,S4,79.4,1.14,1746,B004,FAIL,TOOLING
2026-05-04T10:00:00,M04,S4,60.7,0.92,1037,B004,FAIL,TOOLING
2026-05-04T10:30:00,M04,S4,83.8,0.76,1574,B004,PASS,
2026-05-04T11:00:00,M04,S4,67.8,0.59,1630,B004,PASS,
2026-05-04T11:30:00,M04,S4,60.5,0.87,1534,B004,PASS,
2026-05-04T12:00:00,M04,S4,78.6,0.96,1585,B004,PASS,
2026-05-04T12:30:00,M04,S4,62.2,1.13,1106,B004,PASS,
2026-05-04T13:00:00,M04,S4,69.0,0.29,1765,B004,PASS,
2026-05-04T13:30:00,M04,S4,71.9,0.86,1473,B004,PASS,
2026-05-04T14:00:00,M04,S4,64.1,0.59,1797,B004,PASS,
2026-05-04T14:30:00,M04,S4,88.8,0.34,1677,B004,FAIL,UNKNOWN
2026-05-04T15:00:00,M04,S4,79.4,1.16,1011,B004,PASS,
2026-05-04T15:30:00,M04,S4,64.2,0.24,1572,B004,PASS,
2026-05-04T16:00:00,M04,S4,76.4,0.29,1210,B004,PASS,
2026-05-04T16:30:00,M04,S4,82.2,0.93,1211,B004,PASS,
2026-05-04T17:00:00,M04,S4,85.5,0.34,1183,B004,PASS,
2026-05-04T17:30:00,M04,S4,67.6,0.31,1670,B004,PASS,
2026-05-04T18:00:00,M04,S4,61.6,0.95,1990,B004,PASS,
2026-05-04T18:30:00,M04,S4,79.3,0.27,1671,B004,PASS,
2026-05-04T19:00:00,M04,S4,65.9,0.78,1951,B004,PASS,
2026-05-04T19:30:00,M04,S4,80.1,0.43,1285,B004,FAIL,TOOLING
2026-05-04T20:00:00,M04,S4,69.5,0.65,1616,B004,PASS,
2026-05-04T20:30:00,M04,S4,77.5,0.77,1364,B004,PASS,
2026-05-04T21:00:00,M04,S4,69.5,0.63,1004,B004,PASS,
2026-05-04T21:30:00,M04,S4,67.4,0.42,1739,B004,PASS,
2026-05-04T22:00:00,M04,S4,85.2,0.33,1732,B004,FAIL,MATERIAL
2026-05-04T22:30:00,M04,S4,73.9,0.56,1305,B004,PASS,
2026-05-04T23:00:00,M04,S4,76.6,0.38,1606,B004,PASS,
2026-05-04T23:30:00,M04,S4,85.8,0.34,1538,B004,FAIL,CALIBRATION
2026-05-04T00:00:00,M05,S5,82.0,0.83,1727,B004,PASS,
2026-05-04T00:30:00,M05,S5,85.5,0.83,1812,B004,FAIL,SENSOR
2026-05-04T01:00:00,M05,S5,72.2,0.79,1906,B004,PASS,
2026-05-04T01:30:00,M05,S5,76.3,1.2,1472,B004,PASS,
2026-05-04T02:00:00,M05,S5,71.0,0.42,1772,B004,PASS,
2026-05-04T02:30:00,M05,S5,68.7,0.66,1510,B004,PASS,
2026-05-04T03:00:00,M05,S5,75.1,0.86,1847,B004,PASS,
2026-05-04T03:30:00,M05,S5,78.4,0.37,1514,B004,PASS,
2026-05-04T04:00:00,M05,S5,65.4,1.15,1659,B004,FAIL,TOOLING
2026-05-04T04:30:00,M05,S5,82.1,0.68,1358,B004,PASS,
2026-05-04T05:00:00,M05,S5,74.6,0.26,1369,B004,PASS,
2026-05-04T05:30:00,M05,S5,61.3,0.41,1907,B004,PASS,
2026-05-04T06:00:00,M05,S5,74.1,0.65,1046,B004,PASS,
2026-05-04T06:30:00,M05,S5,89.4,0.52,1703,B004,FAIL,SENSOR
2026-05-04T07:00:00,M05,S5,79.0,0.47,1741,B004,PASS,
2026-05-04T07:30:00,M05,S5,77.1,0.58,1378,B004,PASS,
2026-05-04T08:00:00,M05,S5,77.6,1.1,1077,B004,PASS,
2026-05-04T08:30:00,M05,S5,89.2,0.42,1405,B004,PASS,
2026-05-04T09:00:00,M05,S5,70.4,0.99,1887,B004,FAIL,TOOLING
2026-05-04T09:30:00,M05,S5,73.2,0.43,1514,B004,PASS,
2026-05-04T10:00:00,M05,S5,64.5,0.36,1602,B004,PASS,
2026-05-04T10:30:00,M05,S5,79.8,0.61,1330,B004,PASS,
2026-05-04T11:00:00,M05,S5,63.4,0.88,1479,B004,PASS,
2026-05-04T11:30:00,M05,S5,79.4,0.61,1243,B004,PASS,
2026-05-04T12:00:00,M05,S5,63.8,0.79,1134,B004,PASS,
2026-05-04T12:30:00,M05,S5,75.4,1.09,1146,B004,FAIL,TOOLING
2026-05-04T13:00:00,M05,S5,75.5,0.61,1969,B004,PASS,
2026-05-04T13:30:00,M05,S5,86.4,0.93,1821,B004,FAIL,ALIGNMENT
2026-05-04T14:00:00,M05,S5,66.5,0.81,1471,B004,PASS,
2026-05-04T14:30:00,M05,S5,66.6,0.61,1142,B004,PASS,
2026-05-04T15:00:00,M05,S5,77.5,0.97,1623,B004,PASS,
2026-05-04T15:30:00,M05,S5,65.0,0.89,1922,B004,PASS,
2026-05-04T16:00:00,M05,S5,62.1,0.58,1132,B004,PASS,
2026-05-04T16:30:00,M05,S5,60.5,0.72,1909,B004,PASS,
2026-05-04T17:00:00,M05,S5,84.8,0.81,1177,B004,PASS,
2026-05-04T17:30:00,M05,S5,78.0,1.08,1531,B004,FAIL,ALIGNMENT
2026-05-04T18:00:00,M05,S5,62.8,0.86,1901,B004,PASS,
2026-05-04T18:30:00,M05,S5,60.0,1.14,1678,B004,FAIL,MATERIAL
2026-05-04T19:00:00,M05,S5,75.7,0.57,1043,B004,PASS,
2026-05-04T19:30:00,M05,S5,75.9,0.43,1802,B004,PASS,
2026-05-04T20:00:00,M05,S5,71.4,0.79,1741,B004,PASS,
2026-05-04T20:30:00,M05,S5,80.9,0.3,1133,B004,PASS,
2026-05-04T21:00:00,M05,S5,67.0,1.06,1283,B004,PASS,
2026-05-04T21:30:00,M05,S5,72.3,0.39,1709,B004,PASS,
2026-05-04T22:00:00,M05,S5,77.3,0.32,1007,B004,PASS,
2026-05-04T22:30:00,M05,S5,79.6,0.89,1315,B004,PASS,
2026-05-04T23:00:00,M05,S5,64.6,0.85,1253,B004,PASS,
2026-05-04T23:30:00,M05,S5,72.7,0.57,1275,B004,PASS,
2026-05-05T00:00:00,M01,S1,84.5,0.98,1482,B005,PASS,
2026-05-05T00:30:00,M01,S1,69.5,0.51,1344,B005,PASS,
2026-05-05T01:00:00,M01,S1,87.9,0.95,1446,B005,PASS,
2026-05-05T01:30:00,M01,S1,68.1,0.6,1338,B005,PASS,
2026-05-05T02:00:00,M01,S1,84.6,1.16,1005,B005,FAIL,TOOLING
2026-05-05T02:30:00,M01,S1,77.0,0.8,1088,B005,PASS,
2026-05-05T03:00:00,M01,S1,81.5,0.6,1656,B005,PASS,
2026-05-05T03:30:00,M01,S1,61.2,0.97,1175,B005,FAIL,UNKNOWN
2026-05-05T04:00:00,M01,S1,90.6,0.98,1510,B005,FAIL,UNKNOWN
2026-05-05T04:30:00,M01,S1,70.8,0.37,1036,B005,PASS,
2026-05-05T05:00:00,M01,S1,67.7,0.98,1353,B005,PASS,
2026-05-05T05:30:00,M01,S1,85.2,0.94,1068,B005,FAIL,CALIBRATION
2026-05-05T06:00:00,M01,S1,83.3,0.55,1815,B005,PASS,
2026-05-05T06:30:00,M01,S1,76.7,0.6,1004,B005,PASS,
2026-05-05T07:00:00,M01,S1,77.0,0.54,1117,B005,PASS,
2026-05-05T07:30:00,M01,S1,70.9,0.74,1793,B005,PASS,
2026-05-05T08:00:00,M01,S1,73.8,0.54,1775,B005,PASS,
2026-05-05T08:30:00,M01,S1,90.0,0.68,1257,B005,PASS,
2026-05-05T09:00:00,M01,S1,69.5,0.61,1353,B005,PASS,
2026-05-05T09:30:00,M01,S1,81.6,0.46,1287,B005,PASS,
2026-05-05T10:00:00,M01,S1,73.1,0.51,1218,B005,PASS,
2026-05-05T10:30:00,M01,S1,69.1,0.95,1930,B005,FAIL,UNKNOWN
2026-05-05T11:00:00,M01,S1,69.6,0.41,1202,B005,PASS,
2026-05-05T11:30:00,M01,S1,78.5,0.36,1106,B005,PASS,
2026-05-05T12:00:00,M01,S1,82.8,0.96,1541,B005,FAIL,MATERIAL
2026-05-05T12:30:00,M01,S1,72.8,0.52,1898,B005,PASS,
2026-05-05T13:00:00,M01,S1,73.6,0.71,1397,B005,PASS,
2026-05-05T13:30:00,M01,S1,70.9,0.73,1423,B005,FAIL,CALIBRATION
2026-05-05T14:00:00,M01,S1,75.3,1.18,1698,B005,FAIL,MATERIAL
2026-05-05T14:30:00,M01,S1,72.3,0.21,1674,B005,PASS,
2026-05-05T15:00:00,M01,S1,75.7,0.46,1269,B005,PASS,
2026-05-05T15:30:00,M01,S1,73.3,0.38,1423,B005,PASS,
2026-05-05T16:00:00,M01,S1,73.2,0.77,1979,B005,PASS,
2026-05-05T16:30:00,M01,S1,86.9,1.0,1555,B005,FAIL,MATERIAL
2026-05-05T17:00:00,M01,S1,70.9,0.67,1009,B005,PASS,
2026-05-05T17:30:00,M01,S1,64.9,1.09,1630,B005,FAIL,SENSOR
2026-05-05T18:00:00,M01,S1,86.0,0.76,1567,B005,FAIL,MATERIAL
2026-05-05T18:30:00,M01,S1,65.3,0.36,1215,B005,PASS,
2026-05-05T19:00:00,M01,S1,91.9,0.46,1360,B005,PASS,
2026-05-05T19:30:00,M01,S1,76.2,0.61,1351,B005,PASS,
2026-05-05T20:00:00,M01,S1,79.6,0.74,1979,B005,PASS,
2026-05-05T20:30:00,M01,S1,78.0,0.97,1446,B005,FAIL,SENSOR
2026-05-05T21:00:00,M01,S1,71.8,0.37,1807,B005,PASS,
2026-05-05T21:30:00,M01,S1,80.3,1.05,1071,B005,FAIL,TOOLING
2026-05-05T22:00:00,M01,S1,71.6,0.81,1395,B005,PASS,
2026-05-05T22:30:00,M01,S1,89.6,0.95,1520,B005,FAIL,MATERIAL
2026-05-05T23:00:00,M01,S1,76.6,0.93,1662,B005,PASS,
2026-05-05T23:30:00,M01,S1,66.8,0.37,1103,B005,PASS,
2026-05-05T00:00:00,M02,S2,86.4,0.75,1026,B005,PASS,
2026-05-05T00:30:00,M02,S2,82.9,0.28,1262,B005,FAIL,UNKNOWN
2026-05-05T01:00:00,M02,S2,87.9,0.59,1229,B005,PASS,
2026-05-05T01:30:00,M02,S2,73.3,0.33,1526,B005,FAIL,ALIGNMENT
2026-05-05T02:00:00,M02,S2,79.9,1.06,1325,B005,PASS,
2026-05-05T02:30:00,M02,S2,89.2,0.74,1272,B005,PASS,
2026-05-05T03:00:00,M02,S2,89.1,0.9,1177,B005,PASS,
2026-05-05T03:30:00,M02,S2,78.9,0.84,1563,B005,PASS,
2026-05-05T04:00:00,M02,S2,79.2,0.51,1347,B005,PASS,
2026-05-05T04:30:00,M02,S2,76.2,1.0,1441,B005,PASS,
2026-05-05T05:00:00,M02,S2,67.8,0.5,1000,B005,PASS,
2026-05-05T05:30:00,M02,S2,84.5,1.05,1343,B005,PASS,
2026-05-05T06:00:00,M02,S2,60.2,1.12,1946,B005,FAIL,MATERIAL
2026-05-05T06:30:00,M02,S2,69.0,0.97,1797,B005,PASS,
2026-05-05T07:00:00,M02,S2,83.9,0.75,1188,B005,PASS,
2026-05-05T07:30:00,M02,S2,73.1,0.45,1714,B005,PASS,
2026-05-05T08:00:00,M02,S2,84.9,0.42,1079,B005,PASS,
2026-05-05T08:30:00,M02,S2,75.5,1.0,1613,B005,PASS,
2026-05-05T09:00:00,M02,S2,68.2,0.85,1531,B005,PASS,
2026-05-05T09:30:00,M02,S2,65.6,0.27,1136,B005,PASS,
2026-05-05T10:00:00,M02,S2,63.3,0.66,1452,B005,PASS,
2026-05-05T10:30:00,M02,S2,74.8,0.52,1152,B005,PASS,
2026-05-05T11:00:00,M02,S2,89.1,0.22,1972,B005,FAIL,CALIBRATION
2026-05-05T11:30:00,M02,S2,68.1,0.92,1727,B005,PASS,
2026-05-05T12:00:00,M02,S2,64.5,0.69,1341,B005,PASS,
2026-05-05T12:30:00,M02,S2,69.3,1.0,1997,B005,PASS,
2026-05-05T13:00:00,M02,S2,83.7,0.53,1843,B005,PASS,
2026-05-05T13:30:00,M02,S2,61.7,0.98,1071,B005,PASS,
2026-05-05T14:00:00,M02,S2,65.8,1.04,1817,B005,FAIL,ALIGNMENT
2026-05-05T14:30:00,M02,S2,63.7,0.97,1248,B005,PASS,
2026-05-05T15:00:00,M02,S2,73.3,0.94,1033,B005,PASS,
2026-05-05T15:30:00,M02,S2,83.1,0.72,1982,B005,PASS,
2026-05-05T16:00:00,M02,S2,80.4,0.51,1323,B005,PASS,
2026-05-05T16:30:00,M02,S2,61.3,1.14,1520,B005,FAIL,CALIBRATION
2026-05-05T17:00:00,M02,S2,74.4,0.5,1360,B005,PASS,
2026-05-05T17:30:00,M02,S2,61.6,0.87,1973,B005,PASS,
2026-05-05T18:00:00,M02,S2,73.0,0.22,1794,B005,PASS,
2026-05-05T18:30:00,M02,S2,71.9,0.44,1968,B005,PASS,
2026-05-05T19:00:00,M02,S2,80.7,0.89,1154,B005,PASS,
2026-05-05T19:30:00,M02,S2,67.5,0.7,1685,B005,PASS,
2026-05-05T20:00:00,M02,S2,89.1,0.96,1060,B005,PASS,
2026-05-05T20:30:00,M02,S2,64.6,0.74,1107,B005,PASS,
2026-05-05T21:00:00,M02,S2,74.6,0.52,1558,B005,PASS,
2026-05-05T21:30:00,M02,S2,70.4,1.09,1733,B005,FAIL,ALIGNMENT
2026-05-05T22:00:00,M02,S2,80.7,0.56,1134,B005,PASS,
2026-05-05T22:30:00,M02,S2,74.6,0.64,1294,B005,PASS,
2026-05-05T23:00:00,M02,S2,80.9,0.39,1186,B005,PASS,
2026-05-05T23:30:00,M02,S2,82.0,0.48,1831,B005,PASS,
2026-05-05T00:00:00,M03,S3,76.6,0.27,1155,B005,PASS,
2026-05-05T00:30:00,M03,S3,68.9,0.46,1367,B005,PASS,
2026-05-05T01:00:00,M03,S3,60.0,0.84,1379,B005,FAIL,ALIGNMENT
2026-05-05T01:30:00,M03,S3,78.6,0.56,1620,B005,PASS,
2026-05-05T02:00:00,M03,S3,61.9,1.17,1819,B005,FAIL,TOOLING
2026-05-05T02:30:00,M03,S3,75.7,0.7,1551,B005,PASS,
2026-05-05T03:00:00,M03,S3,69.7,0.84,1110,B005,PASS,
2026-05-05T03:30:00,M03,S3,62.0,1.04,1129,B005,PASS,
2026-05-05T04:00:00,M03,S3,66.1,0.69,1098,B005,PASS,
2026-05-05T04:30:00,M03,S3,77.1,1.04,1657,B005,FAIL,SENSOR
2026-05-05T05:00:00,M03,S3,78.7,0.79,1049,B005,PASS,
2026-05-05T05:30:00,M03,S3,66.6,0.92,1013,B005,PASS,
2026-05-05T06:00:00,M03,S3,79.7,1.13,1832,B005,FAIL,MATERIAL
2026-05-05T06:30:00,M03,S3,84.0,0.26,1558,B005,PASS,
2026-05-05T07:00:00,M03,S3,72.5,0.57,1708,B005,PASS,
2026-05-05T07:30:00,M03,S3,68.0,0.24,1070,B005,PASS,
2026-05-05T08:00:00,M03,S3,69.1,1.14,1960,B005,FAIL,ALIGNMENT
2026-05-05T08:30:00,M03,S3,63.0,0.43,1385,B005,PASS,
2026-05-05T09:00:00,M03,S3,65.8,0.86,1570,B005,PASS,
2026-05-05T09:30:00,M03,S3,76.8,0.76,1746,B005,PASS,
2026-05-05T10:00:00,M03,S3,77.3,0.87,1702,B005,PASS,
2026-05-05T10:30:00,M03,S3,63.1,0.99,1549,B005,PASS,
2026-05-05T11:00:00,M03,S3,79.7,0.73,1599,B005,PASS,
2026-05-05T11:30:00,M03,S3,87.1,0.75,1996,B005,FAIL,CALIBRATION
2026-05-05T12:00:00,M03,S3,72.4,0.83,1826,B005,PASS,
2026-05-05T12:30:00,M03,S3,67.2,0.75,1375,B005,PASS,
2026-05-05T13:00:00,M03,S3,76.5,0.94,1360,B005,PASS,
2026-05-05T13:30:00,M03,S3,88.8,0.2,1034,B005,PASS,
2026-05-05T14:00:00,M03,S3,60.5,0.34,1890,B005,FAIL,TOOLING
2026-05-05T14:30:00,M03,S3,66.4,0.51,1771,B005,PASS,
2026-05-05T15:00:00,M03,S3,84.7,1.12,1511,B005,FAIL,SENSOR
2026-05-05T15:30:00,M03,S3,87.8,0.35,1037,B005,PASS,
2026-05-05T16:00:00,M03,S3,64.2,0.57,1582,B005,PASS,
2026-05-05T16:30:00,M03,S3,84.3,0.29,1399,B005,PASS,
2026-05-05T17:00:00,M03,S3,82.0,0.92,1792,B005,FAIL,UNKNOWN
2026-05-05T17:30:00,M03,S3,81.1,1.02,1095,B005,PASS,
2026-05-05T18:00:00,M03,S3,61.1,1.01,1381,B005,PASS,
2026-05-05T18:30:00,M03,S3,87.7,0.53,1879,B005,FAIL,MATERIAL
2026-05-05T19:00:00,M03,S3,72.5,1.07,1869,B005,FAIL,TOOLING
2026-05-05T19:30:00,M03,S3,82.4,1.05,1928,B005,FAIL,UNKNOWN
2026-05-05T20:00:00,M03,S3,83.3,0.58,1304,B005,FAIL,SENSOR
2026-05-05T20:30:00,M03,S3,76.9,0.53,1697,B005,FAIL,UNKNOWN
2026-05-05T21:00:00,M03,S3,81.9,0.59,1445,B005,PASS,
2026-05-05T21:30:00,M03,S3,75.1,0.42,1289,B005,PASS,
2026-05-05T22:00:00,M03,S3,71.8,0.33,1082,B005,PASS,
2026-05-05T22:30:00,M03,S3,77.1,0.25,1399,B005,PASS,
2026-05-05T23:00:00,M03,S3,62.6,0.7,1773,B005,FAIL,TOOLING
2026-05-05T23:30:00,M03,S3,74.4,0.4,1395,B005,PASS,
2026-05-05T00:00:00,M04,S4,77.1,0.76,1997,B005,PASS,
2026-05-05T00:30:00,M04,S4,67.3,0.47,1430,B005,PASS,
2026-05-05T01:00:00,M04,S4,77.3,0.31,1413,B005,PASS,
2026-05-05T01:30:00,M04,S4,65.7,0.54,1655,B005,PASS,
2026-05-05T02:00:00,M04,S4,65.1,0.55,1821,B005,PASS,
2026-05-05T02:30:00,M04,S4,78.7,0.64,1924,B005,PASS,
2026-05-05T03:00:00,M04,S4,80.6,0.36,1728,B005,FAIL,UNKNOWN
2026-05-05T03:30:00,M04,S4,61.6,1.15,1926,B005,FAIL,CALIBRATION
2026-05-05T04:00:00,M04,S4,60.4,0.89,1111,B005,PASS,
2026-05-05T04:30:00,M04,S4,60.7,0.41,1538,B005,PASS,
2026-05-05T05:00:00,M04,S4,75.7,0.46,1483,B005,PASS,
2026-05-05T05:30:00,M04,S4,64.2,0.9,1018,B005,PASS,
2026-05-05T06:00:00,M04,S4,79.9,0.24,1170,B005,PASS,
2026-05-05T06:30:00,M04,S4,68.5,0.99,1617,B005,FAIL,UNKNOWN
2026-05-05T07:00:00,M04,S4,88.4,0.27,1660,B005,FAIL,UNKNOWN
2026-05-05T07:30:00,M04,S4,85.6,0.86,1864,B005,FAIL,ALIGNMENT
2026-05-05T08:00:00,M04,S4,68.8,1.08,1386,B005,PASS,
2026-05-05T08:30:00,M04,S4,75.3,0.91,1903,B005,PASS,
2026-05-05T09:00:00,M04,S4,77.9,0.29,1198,B005,PASS,
2026-05-05T09:30:00,M04,S4,89.0,0.76,1712,B005,FAIL,ALIGNMENT
2026-05-05T10:00:00,M04,S4,67.4,0.73,1333,B005,PASS,
2026-05-05T10:30:00,M04,S4,71.8,0.36,1346,B005,PASS,
2026-05-05T11:00:00,M04,S4,70.6,0.83,1236,B005,PASS,
2026-05-05T11:30:00,M04,S4,75.0,1.01,1625,B005,FAIL,MATERIAL
2026-05-05T12:00:00,M04,S4,86.7,1.01,1029,B005,FAIL,SENSOR
2026-05-05T12:30:00,M04,S4,88.5,0.43,1341,B005,PASS,
2026-05-05T13:00:00,M04,S4,64.1,0.93,1520,B005,PASS,
2026-05-05T13:30:00,M04,S4,86.2,0.89,1417,B005,PASS,
2026-05-05T14:00:00,M04,S4,72.8,0.51,1605,B005,PASS,
2026-05-05T14:30:00,M04,S4,64.0,0.85,1581,B005,PASS,
2026-05-05T15:00:00,M04,S4,66.1,0.34,1688,B005,PASS,
2026-05-05T15:30:00,M04,S4,87.3,0.63,1909,B005,FAIL,TOOLING
2026-05-05T16:00:00,M04,S4,79.7,0.76,1158,B005,PASS,
2026-05-05T16:30:00,M04,S4,62.0,0.73,1719,B005,FAIL,TOOLING
2026-05-05T17:00:00,M04,S4,81.8,0.97,1880,B005,PASS,
2026-05-05T17:30:00,M04,S4,72.3,0.64,1933,B005,PASS,
2026-05-05T18:00:00,M04,S4,88.0,0.47,1779,B005,FAIL,ALIGNMENT
2026-05-05T18:30:00,M04,S4,63.9,0.23,1985,B005,PASS,
2026-05-05T19:00:00,M04,S4,78.2,0.81,1596,B005,PASS,
2026-05-05T19:30:00,M04,S4,60.8,0.28,1779,B005,FAIL,SENSOR
2026-05-05T20:00:00,M04,S4,74.1,0.85,1183,B005,PASS,
2026-05-05T20:30:00,M04,S4,74.2,0.36,1226,B005,PASS,
2026-05-05T21:00:00,M04,S4,72.3,1.17,1925,B005,FAIL,MATERIAL
2026-05-05T21:30:00,M04,S4,66.7,0.87,1202,B005,PASS,
2026-05-05T22:00:00,M04,S4,65.3,1.15,1439,B005,PASS,
2026-05-05T22:30:00,M04,S4,80.6,1.07,1887,B005,FAIL,MATERIAL
2026-05-05T23:00:00,M04,S4,72.1,0.24,1735,B005,PASS,
2026-05-05T23:30:00,M04,S4,69.4,0.81,1742,B005,PASS,
2026-05-05T00:00:00,M05,S5,75.8,1.08,1786,B005,FAIL,SENSOR
2026-05-05T00:30:00,M05,S5,63.3,0.66,1877,B005,PASS,
2026-05-05T01:00:00,M05,S5,67.4,0.74,1983,B005,FAIL,MATERIAL
2026-05-05T01:30:00,M05,S5,75.5,0.83,1049,B005,PASS,
2026-05-05T02:00:00,M05,S5,71.9,0.5,1827,B005,PASS,
2026-05-05T02:30:00,M05,S5,72.7,0.81,1054,B005,PASS,
2026-05-05T03:00:00,M05,S5,64.3,1.03,1451,B005,PASS,
2026-05-05T03:30:00,M05,S5,63.4,0.98,1937,B005,PASS,
2026-05-05T04:00:00,M05,S5,64.1,0.61,1450,B005,FAIL,SENSOR
2026-05-05T04:30:00,M05,S5,86.9,1.1,1882,B005,FAIL,ALIGNMENT
2026-05-05T05:00:00,M05,S5,67.5,0.89,1907,B005,PASS,
2026-05-05T05:30:00,M05,S5,81.6,0.32,1114,B005,PASS,
2026-05-05T06:00:00,M05,S5,70.9,0.72,1384,B005,PASS,
2026-05-05T06:30:00,M05,S5,83.7,0.71,1949,B005,PASS,
2026-05-05T07:00:00,M05,S5,71.4,0.97,1912,B005,PASS,
2026-05-05T07:30:00,M05,S5,79.8,0.35,1868,B005,FAIL,UNKNOWN
2026-05-05T08:00:00,M05,S5,61.5,0.51,1730,B005,PASS,
2026-05-05T08:30:00,M05,S5,68.7,0.38,1898,B005,PASS,
2026-05-05T09:00:00,M05,S5,60.1,0.97,1012,B005,PASS,
2026-05-05T09:30:00,M05,S5,75.0,1.01,1607,B005,FAIL,MATERIAL
2026-05-05T10:00:00,M05,S5,67.1,0.79,1475,B005,PASS,
2026-05-05T10:30:00,M05,S5,62.4,0.8,1244,B005,PASS,
2026-05-05T11:00:00,M05,S5,78.6,0.76,1825,B005,FAIL,TOOLING
2026-05-05T11:30:00,M05,S5,61.7,0.55,1145,B005,PASS,
2026-05-05T12:00:00,M05,S5,61.0,0.78,1603,B005,PASS,
2026-05-05T12:30:00,M05,S5,62.6,0.31,1993,B005,FAIL,CALIBRATION
2026-05-05T13:00:00,M05,S5,78.3,0.89,1594,B005,PASS,
2026-05-05T13:30:00,M05,S5,65.3,0.66,1578,B005,PASS,
2026-05-05T14:00:00,M05,S5,62.8,0.5,1368,B005,PASS,
2026-05-05T14:30:00,M05,S5,71.4,0.27,1427,B005,PASS,
2026-05-05T15:00:00,M05,S5,68.8,0.33,1694,B005,PASS,
2026-05-05T15:30:00,M05,S5,75.8,0.72,1695,B005,PASS,
2026-05-05T16:00:00,M05,S5,63.3,0.93,1628,B005,PASS,
2026-05-05T16:30:00,M05,S5,74.5,0.89,1933,B005,PASS,
2026-05-05T17:00:00,M05,S5,68.6,0.81,1316,B005,PASS,
2026-05-05T17:30:00,M05,S5,89.9,0.55,1129,B005,PASS,
2026-05-05T18:00:00,M05,S5,75.6,0.83,1492,B005,FAIL,SENSOR
2026-05-05T18:30:00,M05,S5,67.0,0.49,1193,B005,PASS,
2026-05-05T19:00:00,M05,S5,63.5,0.66,1796,B005,PASS,
2026-05-05T19:30:00,M05,S5,66.2,0.82,1414,B005,FAIL,CALIBRATION
2026-05-05T20:00:00,M05,S5,76.8,0.84,1011,B005,PASS,
2026-05-05T20:30:00,M05,S5,68.4,0.99,1307,B005,PASS,
2026-05-05T21:00:00,M05,S5,69.7,0.21,1685,B005,PASS,
2026-05-05T21:30:00,M05,S5,81.7,0.82,1029,B005,FAIL,CALIBRATION
2026-05-05T22:00:00,M05,S5,85.0,1.12,1479,B005,FAIL,MATERIAL
2026-05-05T22:30:00,M05,S5,83.9,0.85,1481,B005,PASS,
2026-05-05T23:00:00,M05,S5,86.8,0.74,1335,B005,PASS,
2026-05-05T23:30:00,M05,S5,72.4,0.94,1835,B005,PASS,
